sample	DHS_tagAlign	H3K27ac_tagAlign	DHS_narrowPeak	H3K27ac_narrowPeak	ABC_sample	ABC_preds	ABC_peaks
A673_ID_2649	/scratch/groups/engreitz/Users/kmualim/ABC_data/tagAligns/ENCFF261YSH.tagAlign.gz,/scratch/groups/engreitz/Users/kmualim/ABC_data/tagAligns/ENCFF860UCH.tagAlign.gz	/scratch/groups/engreitz/Users/kmualim/ABC_data/tagAligns/ENCFF054PXI.tagAlign.gz,/scratch/groups/engreitz/Users/kmualim/ABC_data/tagAligns/ENCFF215WZQ.tagAlign.gz	/scratch/groups/engreitz/Users/kmualim/BenchmarkingPipeline_resources/narrowPeak_files/ENCFF558GBK.bed.gz.sorted,/scratch/groups/engreitz/Users/kmualim/BenchmarkingPipeline_resources/narrowPeak_files/ENCFF794LGM.bed.gz.sorted	/scratch/groups/engreitz/Users/kmualim/BenchmarkingPipeline_resources/narrowPeak_files/ENCFF390CBA.bed.gz.sorted,/scratch/groups/engreitz/Users/kmualim/BenchmarkingPipeline_resources/narrowPeak_files/ENCFF259KFK.bed.gz.sorted,/scratch/groups/engreitz/Users/kmualim/BenchmarkingPipeline_resources/narrowPeak_files/ENCFF164MYA.bed.gz.sorted	A673_ENCFF261YSH_ENCFF860UCH_ENCFF054PXI_ENCFF215WZQ	/oak/stanford/groups/akundaje/kmualim/02212022_hg38Preds_QNORM-avg_hic_track2/A673_ENCFF261YSH_ENCFF860UCH_ENCFF054PXI_ENCFF215WZQ/Predictions/EnhancerPredictionsAllPutative.txt.gz	/oak/stanford/groups/akundaje/kmualim/02212022_hg38Preds_QNORM-avg_hic_track1/A673_ENCFF261YSH_ENCFF860UCH_ENCFF054PXI_ENCFF215WZQ/Peaks/macs2_peaks.narrowPeak.sorted.candidateRegions.bed
AG04450_ID_361	/scratch/groups/engreitz/Users/kmualim/ABC_data/tagAligns/ENCFF477CQU.se.tagAlign.gz	/scratch/groups/engreitz/Users/kmualim/ABC_data/tagAligns/ENCFF485LDV.se.tagAlign.gz	/scratch/groups/engreitz/Users/kmualim/BenchmarkingPipeline_resources/narrowPeak_files/ENCFF530OPL.bed.gz.sorted,/scratch/groups/engreitz/Users/kmualim/BenchmarkingPipeline_resources/narrowPeak_files/ENCFF379TQE.bed.gz.sorted	/scratch/groups/engreitz/Users/kmualim/BenchmarkingPipeline_resources/narrowPeak_files/ENCFF555VAO.bed.gz.sorted	AG04450_ENCFF477CQU_ENCFF485LDV	/oak/stanford/groups/akundaje/kmualim/02212022_hg38Preds_QNORM-avg_hic_track2/AG04450_ENCFF477CQU_ENCFF485LDV/Predictions/EnhancerPredictionsAllPutative.txt.gz	/oak/stanford/groups/akundaje/kmualim/02212022_hg38Preds_QNORM-avg_hic_track1/AG04450_ENCFF477CQU_ENCFF485LDV/Peaks/macs2_peaks.narrowPeak.sorted.candidateRegions.bed
aorta_ID_2340	/scratch/groups/engreitz/Users/kmualim/ABC_data/tagAligns/ENCFF934AZP.tagAlign.gz	/scratch/groups/engreitz/Users/kmualim/ABC_data/tagAligns/ENCFF233YWT.se.tagAlign.gz	/scratch/groups/engreitz/Users/kmualim/BenchmarkingPipeline_resources/narrowPeak_files/ENCFF411IZW.bed.gz.sorted	/scratch/groups/engreitz/Users/kmualim/BenchmarkingPipeline_resources/narrowPeak_files/ENCFF994ZGB.bed.gz.sorted	aorta_ENCFF934AZP_ENCFF381CDO_ENCFF233YWT_ENCFF862BCJ	/oak/stanford/groups/akundaje/kmualim/02212022_hg38Preds_QNORM-avg_hic_track2/aorta_ENCFF934AZP_ENCFF381CDO_ENCFF233YWT_ENCFF862BCJ/Predictions/EnhancerPredictionsAllPutative.txt.gz	/oak/stanford/groups/akundaje/kmualim/02212022_hg38Preds_QNORM-avg_hic_track1/aorta_ENCFF934AZP_ENCFF381CDO_ENCFF233YWT_ENCFF862BCJ/Peaks/macs2_peaks.narrowPeak.sorted.candidateRegions.bed
ascending_aorta_ID_2758	/scratch/groups/engreitz/Users/kmualim/ABC_data/tagAligns/ENCFF396JLE.tagAlign.gz	/scratch/groups/engreitz/Users/kmualim/ABC_data/tagAligns/ENCFF328YXI.se.tagAlign.gz	/scratch/groups/engreitz/Users/kmualim/BenchmarkingPipeline_resources/narrowPeak_files/ENCFF022EYN.bed.gz.sorted	/scratch/groups/engreitz/Users/kmualim/BenchmarkingPipeline_resources/narrowPeak_files/ENCFF033TXD.bed.gz.sorted	none	none	none
astrocyte_ID_2376	/scratch/groups/engreitz/Users/kmualim/ABC_data/tagAligns/ENCFF639ETA.tagAlign.gz	/scratch/groups/engreitz/Users/kmualim/ABC_data/tagAligns/ENCFF500ZIA.se.tagAlign.gz	/scratch/groups/engreitz/Users/kmualim/BenchmarkingPipeline_resources/narrowPeak_files/ENCFF746QWU.bed.gz.sorted	/scratch/groups/engreitz/Users/kmualim/BenchmarkingPipeline_resources/narrowPeak_files/ENCFF734ILA.bed.gz.sorted,/scratch/groups/engreitz/Users/kmualim/BenchmarkingPipeline_resources/narrowPeak_files/ENCFF621KEK.bed.gz.sorted,/scratch/groups/engreitz/Users/kmualim/BenchmarkingPipeline_resources/narrowPeak_files/ENCFF138TME.bed.gz.sorted	none	none	none
bipolar_neuron_ID_2650	/scratch/groups/engreitz/Users/kmualim/ABC_data/tagAligns/ENCFF125JWY.tagAlign.gz,/scratch/groups/engreitz/Users/kmualim/ABC_data/tagAligns/ENCFF772EJG.tagAlign.gz	/scratch/groups/engreitz/Users/kmualim/ABC_data/tagAligns/ENCFF354HMZ.tagAlign.gz,/scratch/groups/engreitz/Users/kmualim/ABC_data/tagAligns/ENCFF292IFV.tagAlign.gz	/scratch/groups/engreitz/Users/kmualim/BenchmarkingPipeline_resources/narrowPeak_files/ENCFF182MFO.bed.gz.sorted,/scratch/groups/engreitz/Users/kmualim/BenchmarkingPipeline_resources/narrowPeak_files/ENCFF447OQT.bed.gz.sorted	/scratch/groups/engreitz/Users/kmualim/BenchmarkingPipeline_resources/narrowPeak_files/ENCFF597RUX.bed.gz.sorted,/scratch/groups/engreitz/Users/kmualim/BenchmarkingPipeline_resources/narrowPeak_files/ENCFF830UYR.bed.gz.sorted,/scratch/groups/engreitz/Users/kmualim/BenchmarkingPipeline_resources/narrowPeak_files/ENCFF593RNV.bed.gz.sorted	bipolar_neuron_ENCFF125JWY_ENCFF772EJG_ENCFF354HMZ_ENCFF292IFV	/oak/stanford/groups/akundaje/kmualim/02212022_hg38Preds_QNORM-avg_hic_track2/bipolar_neuron_ENCFF125JWY_ENCFF772EJG_ENCFF354HMZ_ENCFF292IFV/Predictions/EnhancerPredictionsAllPutative.txt.gz	/oak/stanford/groups/akundaje/kmualim/02212022_hg38Preds_QNORM-avg_hic_track1/bipolar_neuron_ENCFF125JWY_ENCFF772EJG_ENCFF354HMZ_ENCFF292IFV/Peaks/macs2_peaks.narrowPeak.sorted.candidateRegions.bed
body_of_pancreas_ID_2666	/scratch/groups/engreitz/Users/kmualim/ABC_data/tagAligns/ENCFF611ZEI.tagAlign.gz	/scratch/groups/engreitz/Users/kmualim/ABC_data/tagAligns/ENCFF753ZLD.se.tagAlign.gz	/scratch/groups/engreitz/Users/kmualim/BenchmarkingPipeline_resources/narrowPeak_files/ENCFF825YYC.bed.gz.sorted	/scratch/groups/engreitz/Users/kmualim/BenchmarkingPipeline_resources/narrowPeak_files/ENCFF412SNU.bed.gz.sorted,/scratch/groups/engreitz/Users/kmualim/BenchmarkingPipeline_resources/narrowPeak_files/ENCFF296VBP.bed.gz.sorted,/scratch/groups/engreitz/Users/kmualim/BenchmarkingPipeline_resources/narrowPeak_files/ENCFF416AXJ.bed.gz.sorted	none	none	none
brain_microvascular_endothelial_cell_ID_2308	/scratch/groups/engreitz/Users/kmualim/ABC_data/tagAligns/ENCFF598PRH.tagAlign.gz,/scratch/groups/engreitz/Users/kmualim/ABC_data/tagAligns/ENCFF438RES.tagAlign.gz	/scratch/groups/engreitz/Users/kmualim/ABC_data/tagAligns/ENCFF713SNQ.tagAlign.gz,/scratch/groups/engreitz/Users/kmualim/ABC_data/tagAligns/ENCFF887PLJ.tagAlign.gz	/scratch/groups/engreitz/Users/kmualim/BenchmarkingPipeline_resources/narrowPeak_files/ENCFF696KIS.bed.gz.sorted,/scratch/groups/engreitz/Users/kmualim/BenchmarkingPipeline_resources/narrowPeak_files/ENCFF463OQZ.bed.gz.sorted	/scratch/groups/engreitz/Users/kmualim/BenchmarkingPipeline_resources/narrowPeak_files/ENCFF764ZPK.bed.gz.sorted,/scratch/groups/engreitz/Users/kmualim/BenchmarkingPipeline_resources/narrowPeak_files/ENCFF718IQW.bed.gz.sorted,/scratch/groups/engreitz/Users/kmualim/BenchmarkingPipeline_resources/narrowPeak_files/ENCFF983PRG.bed.gz.sorted	brain_microvascular_endothelial_cell_ENCFF598PRH_ENCFF438RES_ENCFF713SNQ_ENCFF887PLJ	/oak/stanford/groups/akundaje/kmualim/02212022_hg38Preds_QNORM-avg_hic_track2/brain_microvascular_endothelial_cell_ENCFF598PRH_ENCFF438RES_ENCFF713SNQ_ENCFF887PLJ/Predictions/EnhancerPredictionsAllPutative.txt.gz	/oak/stanford/groups/akundaje/kmualim/02212022_hg38Preds_QNORM-avg_hic_track1/brain_microvascular_endothelial_cell_ENCFF598PRH_ENCFF438RES_ENCFF713SNQ_ENCFF887PLJ/Peaks/macs2_peaks.narrowPeak.sorted.candidateRegions.bed
breast_epithelium_ID_2114	/scratch/groups/engreitz/Users/kmualim/ABC_data/tagAligns/ENCFF106NEF.tagAlign.gz	/scratch/groups/engreitz/Users/kmualim/ABC_data/tagAligns/ENCFF324ZJH.se.tagAlign.gz	/scratch/groups/engreitz/Users/kmualim/BenchmarkingPipeline_resources/narrowPeak_files/ENCFF557QSP.bed.gz.sorted	/scratch/groups/engreitz/Users/kmualim/BenchmarkingPipeline_resources/narrowPeak_files/ENCFF507WEL.bed.gz.sorted	none	none	none
cardiac_muscle_cell_ID_363	/scratch/groups/engreitz/Users/kmualim/ABC_data/tagAligns/ENCFF405BAG.se.tagAlign.gz	/scratch/groups/engreitz/Users/kmualim/ABC_data/tagAligns/ENCFF044HUP.se.tagAlign.gz	/scratch/groups/engreitz/Users/kmualim/BenchmarkingPipeline_resources/narrowPeak_files/ENCFF746SBA.bed.gz.sorted,/scratch/groups/engreitz/Users/kmualim/BenchmarkingPipeline_resources/narrowPeak_files/ENCFF870EKF.bed.gz.sorted	/scratch/groups/engreitz/Users/kmualim/BenchmarkingPipeline_resources/narrowPeak_files/ENCFF154WIG.bed.gz.sorted,/scratch/groups/engreitz/Users/kmualim/BenchmarkingPipeline_resources/narrowPeak_files/ENCFF518VCX.bed.gz.sorted,/scratch/groups/engreitz/Users/kmualim/BenchmarkingPipeline_resources/narrowPeak_files/ENCFF732YGG.bed.gz.sorted	cardiac_muscle_cell_ENCFF405BAG_ENCFF044HUP	/oak/stanford/groups/akundaje/kmualim/02212022_hg38Preds_QNORM-avg_hic_track2/cardiac_muscle_cell_ENCFF405BAG_ENCFF044HUP/Predictions/EnhancerPredictionsAllPutative.txt.gz	/oak/stanford/groups/akundaje/kmualim/02212022_hg38Preds_QNORM-avg_hic_track1/cardiac_muscle_cell_ENCFF405BAG_ENCFF044HUP/Peaks/macs2_peaks.narrowPeak.sorted.candidateRegions.bed
CD14-positive_monocyte_ID_370	/scratch/groups/engreitz/Users/kmualim/ABC_data/tagAligns/ENCFF975UDE.se.tagAlign.gz	/scratch/groups/engreitz/Users/kmualim/ABC_data/tagAligns/ENCFF068YQE.se.tagAlign.gz	/scratch/groups/engreitz/Users/kmualim/BenchmarkingPipeline_resources/narrowPeak_files/ENCFF771GZH.bed.gz.sorted	/scratch/groups/engreitz/Users/kmualim/BenchmarkingPipeline_resources/narrowPeak_files/ENCFF037MPE.bed.gz.sorted,/scratch/groups/engreitz/Users/kmualim/BenchmarkingPipeline_resources/narrowPeak_files/ENCFF471QGU.bed.gz.sorted,/scratch/groups/engreitz/Users/kmualim/BenchmarkingPipeline_resources/narrowPeak_files/ENCFF892OTG.bed.gz.sorted	CD14-positive_monocyte_ENCFF975UDE_ENCFF068YQE	/oak/stanford/groups/akundaje/kmualim/02212022_hg38Preds_QNORM-avg_hic_track2/CD14-positive_monocyte_ENCFF975UDE_ENCFF068YQE/Predictions/EnhancerPredictionsAllPutative.txt.gz	/oak/stanford/groups/akundaje/kmualim/02212022_hg38Preds_QNORM-avg_hic_track1/CD14-positive_monocyte_ENCFF975UDE_ENCFF068YQE/Peaks/macs2_peaks.narrowPeak.sorted.candidateRegions.bed
CD4-positive_alpha-beta_T_cell_ID_120	/scratch/groups/engreitz/Users/kmualim/ABC_data/tagAligns/ENCFF765CHC.se.tagAlign.gz	/scratch/groups/engreitz/Users/kmualim/ABC_data/tagAligns/ENCFF051JGL.se.tagAlign.gz	/scratch/groups/engreitz/Users/kmualim/BenchmarkingPipeline_resources/narrowPeak_files/ENCFF859OCM.bed.gz.sorted	/scratch/groups/engreitz/Users/kmualim/BenchmarkingPipeline_resources/narrowPeak_files/ENCFF977EXB.bed.gz.sorted	none	none	none
CD8-positive_alpha-beta_T_cell_ID_148	/scratch/groups/engreitz/Users/kmualim/ABC_data/tagAligns/ENCFF551PHG.se.tagAlign.gz	/scratch/groups/engreitz/Users/kmualim/ABC_data/tagAligns/ENCFF009JJU.se.tagAlign.gz	/scratch/groups/engreitz/Users/kmualim/BenchmarkingPipeline_resources/narrowPeak_files/ENCFF464EKW.bed.gz.sorted	/scratch/groups/engreitz/Users/kmualim/BenchmarkingPipeline_resources/narrowPeak_files/ENCFF269VVP.bed.gz.sorted	none	none	none
colonic_mucosa_ID_2118	/scratch/groups/engreitz/Users/kmualim/ABC_data/tagAligns/ENCFF946UKJ.tagAlign.gz	/scratch/groups/engreitz/Users/kmualim/ABC_data/tagAligns/ENCFF282AQV.se.tagAlign.gz	/scratch/groups/engreitz/Users/kmualim/BenchmarkingPipeline_resources/narrowPeak_files/ENCFF519VQD.bed.gz.sorted	/scratch/groups/engreitz/Users/kmualim/BenchmarkingPipeline_resources/narrowPeak_files/ENCFF549AXK.bed.gz.sorted	colonic_mucosa_ENCFF946UKJ_ENCFF282AQV	/oak/stanford/groups/akundaje/kmualim/02212022_hg38Preds_QNORM-avg_hic_track2/colonic_mucosa_ENCFF946UKJ_ENCFF282AQV/Predictions/EnhancerPredictionsAllPutative.txt.gz	/oak/stanford/groups/akundaje/kmualim/02212022_hg38Preds_QNORM-avg_hic_track1/colonic_mucosa_ENCFF946UKJ_ENCFF282AQV/Peaks/macs2_peaks.narrowPeak.sorted.candidateRegions.bed
coronary_artery_ID_2664	/scratch/groups/engreitz/Users/kmualim/ABC_data/tagAligns/ENCFF732RWK.tagAlign.gz	/scratch/groups/engreitz/Users/kmualim/ABC_data/tagAligns/ENCFF055DES.se.tagAlign.gz	/scratch/groups/engreitz/Users/kmualim/BenchmarkingPipeline_resources/narrowPeak_files/ENCFF267ICU.bed.gz.sorted	/scratch/groups/engreitz/Users/kmualim/BenchmarkingPipeline_resources/narrowPeak_files/ENCFF337KNQ.bed.gz.sorted	coronary_artery_ENCFF732RWK_ENCFF055DES	/oak/stanford/groups/akundaje/kmualim/02212022_hg38Preds_QNORM-avg_hic_track2/coronary_artery_ENCFF732RWK_ENCFF055DES/Predictions/EnhancerPredictionsAllPutative.txt.gz	/oak/stanford/groups/akundaje/kmualim/02212022_hg38Preds_QNORM-avg_hic_track1/coronary_artery_ENCFF732RWK_ENCFF055DES/Peaks/macs2_peaks.narrowPeak.sorted.candidateRegions.bed
endothelial_cell_of_umbilical_vein_ID_351	/scratch/groups/engreitz/Users/kmualim/ABC_data/tagAligns/ENCFF016SEB.se.tagAlign.gz	/scratch/groups/engreitz/Users/kmualim/ABC_data/tagAligns/ENCFF034UBN.se.tagAlign.gz	/scratch/groups/engreitz/Users/kmualim/BenchmarkingPipeline_resources/narrowPeak_files/ENCFF662INP.bed.gz.sorted,/scratch/groups/engreitz/Users/kmualim/BenchmarkingPipeline_resources/narrowPeak_files/ENCFF145RIZ.bed.gz.sorted	/scratch/groups/engreitz/Users/kmualim/BenchmarkingPipeline_resources/narrowPeak_files/ENCFF077LGZ.bed.gz.sorted,/scratch/groups/engreitz/Users/kmualim/BenchmarkingPipeline_resources/narrowPeak_files/ENCFF194WFZ.bed.gz.sorted,/scratch/groups/engreitz/Users/kmualim/BenchmarkingPipeline_resources/narrowPeak_files/ENCFF093ZGO.bed.gz.sorted	none	none	none
epithelial_cell_of_prostate_ID_2659	/scratch/groups/engreitz/Users/kmualim/ABC_data/tagAligns/ENCFF477OTZ.se.tagAlign.gz	/scratch/groups/engreitz/Users/kmualim/ABC_data/tagAligns/ENCFF406KDL.tagAlign.gz,/scratch/groups/engreitz/Users/kmualim/ABC_data/tagAligns/ENCFF544ZNG.tagAlign.gz	/scratch/groups/engreitz/Users/kmualim/BenchmarkingPipeline_resources/narrowPeak_files/ENCFF239WLL.bed.gz.sorted,/scratch/groups/engreitz/Users/kmualim/BenchmarkingPipeline_resources/narrowPeak_files/ENCFF464CNH.bed.gz.sorted	/scratch/groups/engreitz/Users/kmualim/BenchmarkingPipeline_resources/narrowPeak_files/ENCFF600EQG.bed.gz.sorted,/scratch/groups/engreitz/Users/kmualim/BenchmarkingPipeline_resources/narrowPeak_files/ENCFF299BYV.bed.gz.sorted,/scratch/groups/engreitz/Users/kmualim/BenchmarkingPipeline_resources/narrowPeak_files/ENCFF156ZXQ.bed.gz.sorted	epithelial_cell_of_prostate_ENCFF477OTZ_ENCFF406KDL_ENCFF544ZNG	/oak/stanford/groups/akundaje/kmualim/02212022_hg38Preds_QNORM-avg_hic_track2/epithelial_cell_of_prostate_ENCFF477OTZ_ENCFF406KDL_ENCFF544ZNG/Predictions/EnhancerPredictionsAllPutative.txt.gz	/oak/stanford/groups/akundaje/kmualim/02212022_hg38Preds_QNORM-avg_hic_track1/epithelial_cell_of_prostate_ENCFF477OTZ_ENCFF406KDL_ENCFF544ZNG/Peaks/macs2_peaks.narrowPeak.sorted.candidateRegions.bed
fibroblast_of_dermis_ID_2639	/scratch/groups/engreitz/Users/kmualim/ABC_data/tagAligns/ENCFF159HRT.se.tagAlign.gz	/scratch/groups/engreitz/Users/kmualim/ABC_data/tagAligns/ENCFF097AWZ.se.tagAlign.gz	/scratch/groups/engreitz/Users/kmualim/BenchmarkingPipeline_resources/narrowPeak_files/ENCFF560CLW.bed.gz.sorted,/scratch/groups/engreitz/Users/kmualim/BenchmarkingPipeline_resources/narrowPeak_files/ENCFF934XSL.bed.gz.sorted	/scratch/groups/engreitz/Users/kmualim/BenchmarkingPipeline_resources/narrowPeak_files/ENCFF152SQM.bed.gz.sorted,/scratch/groups/engreitz/Users/kmualim/BenchmarkingPipeline_resources/narrowPeak_files/ENCFF266JIP.bed.gz.sorted,/scratch/groups/engreitz/Users/kmualim/BenchmarkingPipeline_resources/narrowPeak_files/ENCFF399FZY.bed.gz.sorted	fibroblast_of_dermis_ENCFF159HRT_ENCFF097AWZ	/oak/stanford/groups/akundaje/kmualim/02212022_hg38Preds_QNORM-avg_hic_track2/fibroblast_of_dermis_ENCFF159HRT_ENCFF097AWZ/Predictions/EnhancerPredictionsAllPutative.txt.gz	/oak/stanford/groups/akundaje/kmualim/02212022_hg38Preds_QNORM-avg_hic_track1/fibroblast_of_dermis_ENCFF159HRT_ENCFF097AWZ/Peaks/macs2_peaks.narrowPeak.sorted.candidateRegions.bed
fibroblast_of_lung_ID_272	/scratch/groups/engreitz/Users/kmualim/ABC_data/tagAligns/ENCFF237FTW.se.tagAlign.gz	/scratch/groups/engreitz/Users/kmualim/ABC_data/tagAligns/ENCFF174VQX.se.tagAlign.gz	/scratch/groups/engreitz/Users/kmualim/BenchmarkingPipeline_resources/narrowPeak_files/ENCFF645AAM.bed.gz.sorted,/scratch/groups/engreitz/Users/kmualim/BenchmarkingPipeline_resources/narrowPeak_files/ENCFF083VTI.bed.gz.sorted	/scratch/groups/engreitz/Users/kmualim/BenchmarkingPipeline_resources/narrowPeak_files/ENCFF049JRA.bed.gz.sorted,/scratch/groups/engreitz/Users/kmualim/BenchmarkingPipeline_resources/narrowPeak_files/ENCFF073YBF.bed.gz.sorted,/scratch/groups/engreitz/Users/kmualim/BenchmarkingPipeline_resources/narrowPeak_files/ENCFF383LVX.bed.gz.sorted	none	none	none
gastrocnemius_medialis_ID_2090	/scratch/groups/engreitz/Users/kmualim/ABC_data/tagAligns/ENCFF513STI.tagAlign.gz	/scratch/groups/engreitz/Users/kmualim/ABC_data/tagAligns/ENCFF859JWV.se.tagAlign.gz	/scratch/groups/engreitz/Users/kmualim/BenchmarkingPipeline_resources/narrowPeak_files/ENCFF599SNK.bed.gz.sorted	/scratch/groups/engreitz/Users/kmualim/BenchmarkingPipeline_resources/narrowPeak_files/ENCFF087FDQ.bed.gz.sorted	none	none	none
GM12878_ID_2724	/scratch/groups/engreitz/Users/kmualim/ABC_data/tagAligns/ENCFF467CXY.se.tagAlign.gz	/scratch/groups/engreitz/Users/kmualim/ABC_data/tagAligns/ENCFF645BAL.se.tagAlign.gz	/scratch/groups/engreitz/Users/kmualim/BenchmarkingPipeline_resources/narrowPeak_files/ENCFF195QAV.bed.gz.sorted,/scratch/groups/engreitz/Users/kmualim/BenchmarkingPipeline_resources/narrowPeak_files/ENCFF762CRQ.bed.gz.sorted	/scratch/groups/engreitz/Users/kmualim/BenchmarkingPipeline_resources/narrowPeak_files/ENCFF361XMX.bed.gz.sorted,/scratch/groups/engreitz/Users/kmualim/BenchmarkingPipeline_resources/narrowPeak_files/ENCFF630WJE.bed.gz.sorted,/scratch/groups/engreitz/Users/kmualim/BenchmarkingPipeline_resources/narrowPeak_files/ENCFF649FUU.bed.gz.sorted	GM12878_ENCFF467CXY_ENCFF645BAL	/oak/stanford/groups/akundaje/kmualim/02212022_hg38Preds_QNORM-avg_hic_track2/GM12878_ENCFF467CXY_ENCFF645BAL/Predictions/EnhancerPredictionsAllPutative.txt.gz	/oak/stanford/groups/akundaje/kmualim/02212022_hg38Preds_QNORM-avg_hic_track1/GM12878_ENCFF467CXY_ENCFF645BAL/Peaks/macs2_peaks.narrowPeak.sorted.candidateRegions.bed
GM23338_ID_2088	/scratch/groups/engreitz/Users/kmualim/ABC_data/tagAligns/ENCFF376XJI.tagAlign.gz	/scratch/groups/engreitz/Users/kmualim/ABC_data/tagAligns/ENCFF421TFQ.tagAlign.gz,/scratch/groups/engreitz/Users/kmualim/ABC_data/tagAligns/ENCFF206NOQ.tagAlign.gz	/scratch/groups/engreitz/Users/kmualim/BenchmarkingPipeline_resources/narrowPeak_files/ENCFF580UGT.bed.gz.sorted	/scratch/groups/engreitz/Users/kmualim/BenchmarkingPipeline_resources/narrowPeak_files/ENCFF755WNZ.bed.gz.sorted,/scratch/groups/engreitz/Users/kmualim/BenchmarkingPipeline_resources/narrowPeak_files/ENCFF507RDF.bed.gz.sorted,/scratch/groups/engreitz/Users/kmualim/BenchmarkingPipeline_resources/narrowPeak_files/ENCFF022FUU.bed.gz.sorted	none	none	none
H1_ID_364	/scratch/groups/engreitz/Users/kmualim/ABC_data/tagAligns/ENCFF733TCL.se.tagAlign.gz	/scratch/groups/engreitz/Users/kmualim/ABC_data/tagAligns/ENCFF104RJG.se.tagAlign.gz	/scratch/groups/engreitz/Users/kmualim/BenchmarkingPipeline_resources/narrowPeak_files/ENCFF708VFY.bed.gz.sorted	/scratch/groups/engreitz/Users/kmualim/BenchmarkingPipeline_resources/narrowPeak_files/ENCFF317QGQ.bed.gz.sorted,/scratch/groups/engreitz/Users/kmualim/BenchmarkingPipeline_resources/narrowPeak_files/ENCFF860UVP.bed.gz.sorted,/scratch/groups/engreitz/Users/kmualim/BenchmarkingPipeline_resources/narrowPeak_files/ENCFF248UTT.bed.gz.sorted	H1_ENCFF733TCL_ENCFF104RJG	/oak/stanford/groups/akundaje/kmualim/02212022_hg38Preds_QNORM-avg_hic_track2/H1_ENCFF733TCL_ENCFF104RJG/Predictions/EnhancerPredictionsAllPutative.txt.gz	/oak/stanford/groups/akundaje/kmualim/02212022_hg38Preds_QNORM-avg_hic_track1/H1_ENCFF733TCL_ENCFF104RJG/Peaks/macs2_peaks.narrowPeak.sorted.candidateRegions.bed
H9_ID_413	/scratch/groups/engreitz/Users/kmualim/ABC_data/tagAligns/ENCFF244JVV.tagAlign.gz	/scratch/groups/engreitz/Users/kmualim/ABC_data/tagAligns/ENCFF709WUL.se.tagAlign.gz	/scratch/groups/engreitz/Users/kmualim/BenchmarkingPipeline_resources/narrowPeak_files/ENCFF243SGT.bed.gz.sorted	/scratch/groups/engreitz/Users/kmualim/BenchmarkingPipeline_resources/narrowPeak_files/ENCFF876GPI.bed.gz.sorted,/scratch/groups/engreitz/Users/kmualim/BenchmarkingPipeline_resources/narrowPeak_files/ENCFF069BWD.bed.gz.sorted,/scratch/groups/engreitz/Users/kmualim/BenchmarkingPipeline_resources/narrowPeak_files/ENCFF440JOW.bed.gz.sorted	H9_ENCFF244JVV_ENCFF709WUL	/oak/stanford/groups/akundaje/kmualim/02212022_hg38Preds_QNORM-avg_hic_track2/H9_ENCFF244JVV_ENCFF709WUL/Predictions/EnhancerPredictionsAllPutative.txt.gz	/oak/stanford/groups/akundaje/kmualim/02212022_hg38Preds_QNORM-avg_hic_track1/H9_ENCFF244JVV_ENCFF709WUL/Peaks/macs2_peaks.narrowPeak.sorted.candidateRegions.bed
HAP-1_ID_2606	/scratch/groups/engreitz/Users/kmualim/ABC_data/tagAligns/ENCFF162WTC.tagAlign.gz,/scratch/groups/engreitz/Users/kmualim/ABC_data/tagAligns/ENCFF443OOK.tagAlign.gz	/scratch/groups/engreitz/Users/kmualim/ABC_data/tagAligns/ENCFF742SZS.tagAlign.gz,/scratch/groups/engreitz/Users/kmualim/ABC_data/tagAligns/ENCFF525ADD.tagAlign.gz	/scratch/groups/engreitz/Users/kmualim/BenchmarkingPipeline_resources/narrowPeak_files/ENCFF231TRG.bed.gz.sorted,/scratch/groups/engreitz/Users/kmualim/BenchmarkingPipeline_resources/narrowPeak_files/ENCFF061YKH.bed.gz.sorted	/scratch/groups/engreitz/Users/kmualim/BenchmarkingPipeline_resources/narrowPeak_files/ENCFF646CAB.bed.gz.sorted,/scratch/groups/engreitz/Users/kmualim/BenchmarkingPipeline_resources/narrowPeak_files/ENCFF531XJA.bed.gz.sorted,/scratch/groups/engreitz/Users/kmualim/BenchmarkingPipeline_resources/narrowPeak_files/ENCFF698HXT.bed.gz.sorted	HAP-1_ENCFF162WTC_ENCFF443OOK_ENCFF742SZS_ENCFF525ADD	/oak/stanford/groups/akundaje/kmualim/02212022_hg38Preds_QNORM-avg_hic_track2/HAP-1_ENCFF162WTC_ENCFF443OOK_ENCFF742SZS_ENCFF525ADD/Predictions/EnhancerPredictionsAllPutative.txt.gz	/oak/stanford/groups/akundaje/kmualim/02212022_hg38Preds_QNORM-avg_hic_track1/HAP-1_ENCFF162WTC_ENCFF443OOK_ENCFF742SZS_ENCFF525ADD/Peaks/macs2_peaks.narrowPeak.sorted.candidateRegions.bed
HCT116_ID_2645	/scratch/groups/engreitz/Users/kmualim/ABC_data/tagAligns/ENCFF166PCV.se.tagAlign.gz	/scratch/groups/engreitz/Users/kmualim/ABC_data/tagAligns/ENCFF799ZUN.tagAlign.gz,/scratch/groups/engreitz/Users/kmualim/ABC_data/tagAligns/ENCFF977FPK.tagAlign.gz	/scratch/groups/engreitz/Users/kmualim/BenchmarkingPipeline_resources/narrowPeak_files/ENCFF527GRA.bed.gz.sorted,/scratch/groups/engreitz/Users/kmualim/BenchmarkingPipeline_resources/narrowPeak_files/ENCFF547FKC.bed.gz.sorted	/scratch/groups/engreitz/Users/kmualim/BenchmarkingPipeline_resources/narrowPeak_files/ENCFF949DQN.bed.gz.sorted,/scratch/groups/engreitz/Users/kmualim/BenchmarkingPipeline_resources/narrowPeak_files/ENCFF509USN.bed.gz.sorted,/scratch/groups/engreitz/Users/kmualim/BenchmarkingPipeline_resources/narrowPeak_files/ENCFF023WUV.bed.gz.sorted	HCT116_ENCFF166PCV_ENCFF799ZUN_ENCFF977FPK	/oak/stanford/groups/akundaje/kmualim/02212022_hg38Preds_QNORM-avg_hic_track2/HCT116_ENCFF166PCV_ENCFF799ZUN_ENCFF977FPK/Predictions/EnhancerPredictionsAllPutative.txt.gz	/oak/stanford/groups/akundaje/kmualim/02212022_hg38Preds_QNORM-avg_hic_track1/HCT116_ENCFF166PCV_ENCFF799ZUN_ENCFF977FPK/Peaks/macs2_peaks.narrowPeak.sorted.candidateRegions.bed
heart_left_ventricle_ID_169	/scratch/groups/engreitz/Users/kmualim/ABC_data/tagAligns/ENCFF558NDU.tagAlign.gz	/scratch/groups/engreitz/Users/kmualim/ABC_data/tagAligns/ENCFF730PAZ.se.tagAlign.gz	/scratch/groups/engreitz/Users/kmualim/BenchmarkingPipeline_resources/narrowPeak_files/ENCFF458QDV.bed.gz.sorted	/scratch/groups/engreitz/Users/kmualim/BenchmarkingPipeline_resources/narrowPeak_files/ENCFF214YFB.bed.gz.sorted	none	none	none
heart_right_ventricle_ID_232	/scratch/groups/engreitz/Users/kmualim/ABC_data/tagAligns/ENCFF287TWO.tagAlign.gz	/scratch/groups/engreitz/Users/kmualim/ABC_data/tagAligns/ENCFF205TFT.se.tagAlign.gz	/scratch/groups/engreitz/Users/kmualim/BenchmarkingPipeline_resources/narrowPeak_files/ENCFF521JOO.bed.gz.sorted	/scratch/groups/engreitz/Users/kmualim/BenchmarkingPipeline_resources/narrowPeak_files/ENCFF797XLL.bed.gz.sorted	none	none	none
HeLa-S3_ID_389	/scratch/groups/engreitz/Users/kmualim/ABC_data/tagAligns/ENCFF610LUN.se.tagAlign.gz	/scratch/groups/engreitz/Users/kmualim/ABC_data/tagAligns/ENCFF712QHJ.se.tagAlign.gz	/scratch/groups/engreitz/Users/kmualim/BenchmarkingPipeline_resources/narrowPeak_files/ENCFF053MLU.bed.gz.sorted,/scratch/groups/engreitz/Users/kmualim/BenchmarkingPipeline_resources/narrowPeak_files/ENCFF353HPO.bed.gz.sorted	/scratch/groups/engreitz/Users/kmualim/BenchmarkingPipeline_resources/narrowPeak_files/ENCFF857YGK.bed.gz.sorted,/scratch/groups/engreitz/Users/kmualim/BenchmarkingPipeline_resources/narrowPeak_files/ENCFF495VDP.bed.gz.sorted,/scratch/groups/engreitz/Users/kmualim/BenchmarkingPipeline_resources/narrowPeak_files/ENCFF173RMT.bed.gz.sorted	HeLa-S3_ENCFF610LUN_ENCFF712QHJ	/oak/stanford/groups/akundaje/kmualim/02212022_hg38Preds_QNORM-avg_hic_track2/HeLa-S3_ENCFF610LUN_ENCFF712QHJ/Predictions/EnhancerPredictionsAllPutative.txt.gz	/oak/stanford/groups/akundaje/kmualim/02212022_hg38Preds_QNORM-avg_hic_track1/HeLa-S3_ENCFF610LUN_ENCFF712QHJ/Peaks/macs2_peaks.narrowPeak.sorted.candidateRegions.bed
hepatocyte_ID_2623	/scratch/groups/engreitz/Users/kmualim/ABC_data/tagAligns/ENCFF071UJW.se.tagAlign.gz	/scratch/groups/engreitz/Users/kmualim/ABC_data/tagAligns/ENCFF061UBY.se.tagAlign.gz	/scratch/groups/engreitz/Users/kmualim/BenchmarkingPipeline_resources/narrowPeak_files/ENCFF089ZNM.bed.gz.sorted	/scratch/groups/engreitz/Users/kmualim/BenchmarkingPipeline_resources/narrowPeak_files/ENCFF953FGP.bed.gz.sorted,/scratch/groups/engreitz/Users/kmualim/BenchmarkingPipeline_resources/narrowPeak_files/ENCFF096ATZ.bed.gz.sorted,/scratch/groups/engreitz/Users/kmualim/BenchmarkingPipeline_resources/narrowPeak_files/ENCFF043YVG.bed.gz.sorted	hepatocyte_ENCFF071UJW_ENCFF061UBY	/oak/stanford/groups/akundaje/kmualim/02212022_hg38Preds_QNORM-avg_hic_track2/hepatocyte_ENCFF071UJW_ENCFF061UBY/Predictions/EnhancerPredictionsAllPutative.txt.gz	/oak/stanford/groups/akundaje/kmualim/02212022_hg38Preds_QNORM-avg_hic_track1/hepatocyte_ENCFF071UJW_ENCFF061UBY/Peaks/macs2_peaks.narrowPeak.sorted.candidateRegions.bed
HL-60_ID_359	/scratch/groups/engreitz/Users/kmualim/ABC_data/tagAligns/ENCFF310NAD.se.tagAlign.gz	/scratch/groups/engreitz/Users/kmualim/ABC_data/tagAligns/ENCFF364IVU.tagAlign.gz,/scratch/groups/engreitz/Users/kmualim/ABC_data/tagAligns/ENCFF510IXN.tagAlign.gz	/scratch/groups/engreitz/Users/kmualim/BenchmarkingPipeline_resources/narrowPeak_files/ENCFF048NMK.bed.gz.sorted,/scratch/groups/engreitz/Users/kmualim/BenchmarkingPipeline_resources/narrowPeak_files/ENCFF351TBZ.bed.gz.sorted	/scratch/groups/engreitz/Users/kmualim/BenchmarkingPipeline_resources/narrowPeak_files/ENCFF762GEC.bed.gz.sorted,/scratch/groups/engreitz/Users/kmualim/BenchmarkingPipeline_resources/narrowPeak_files/ENCFF920CGL.bed.gz.sorted,/scratch/groups/engreitz/Users/kmualim/BenchmarkingPipeline_resources/narrowPeak_files/ENCFF763UAG.bed.gz.sorted	HL-60_ENCFF310NAD_ENCFF364IVU_ENCFF510IXN	/oak/stanford/groups/akundaje/kmualim/02212022_hg38Preds_QNORM-avg_hic_track2/HL-60_ENCFF310NAD_ENCFF364IVU_ENCFF510IXN/Predictions/EnhancerPredictionsAllPutative.txt.gz	/oak/stanford/groups/akundaje/kmualim/02212022_hg38Preds_QNORM-avg_hic_track1/HL-60_ENCFF310NAD_ENCFF364IVU_ENCFF510IXN/Peaks/macs2_peaks.narrowPeak.sorted.candidateRegions.bed
IMR-90_ID_2627	/scratch/groups/engreitz/Users/kmualim/ABC_data/tagAligns/ENCFF618FFB.se.tagAlign.gz	/scratch/groups/engreitz/Users/kmualim/ABC_data/tagAligns/ENCFF188JME.se.tagAlign.gz	/scratch/groups/engreitz/Users/kmualim/BenchmarkingPipeline_resources/narrowPeak_files/ENCFF417EEA.bed.gz.sorted	/scratch/groups/engreitz/Users/kmualim/BenchmarkingPipeline_resources/narrowPeak_files/ENCFF457QZK.bed.gz.sorted,/scratch/groups/engreitz/Users/kmualim/BenchmarkingPipeline_resources/narrowPeak_files/ENCFF805GNH.bed.gz.sorted,/scratch/groups/engreitz/Users/kmualim/BenchmarkingPipeline_resources/narrowPeak_files/ENCFF110TCY.bed.gz.sorted	IMR-90_ENCFF618FFB_ENCFF188JME	/oak/stanford/groups/akundaje/kmualim/02212022_hg38Preds_QNORM-avg_hic_track2/IMR-90_ENCFF618FFB_ENCFF188JME/Predictions/EnhancerPredictionsAllPutative.txt.gz	/oak/stanford/groups/akundaje/kmualim/02212022_hg38Preds_QNORM-avg_hic_track1/IMR-90_ENCFF618FFB_ENCFF188JME/Peaks/macs2_peaks.narrowPeak.sorted.candidateRegions.bed
iPS_DF_19.11_ID_2663	/scratch/groups/engreitz/Users/kmualim/ABC_data/tagAligns/ENCFF966PEX.se.tagAlign.gz	/scratch/groups/engreitz/Users/kmualim/ABC_data/tagAligns/ENCFF821TYU.se.tagAlign.gz,/scratch/groups/engreitz/Users/kmualim/ABC_data/tagAligns/ENCFF461LZB.se.tagAlign.gz	/scratch/groups/engreitz/Users/kmualim/BenchmarkingPipeline_resources/narrowPeak_files/ENCFF172GXY.bed.gz.sorted	/scratch/groups/engreitz/Users/kmualim/BenchmarkingPipeline_resources/narrowPeak_files/ENCFF225NYK.bed.gz.sorted,/scratch/groups/engreitz/Users/kmualim/BenchmarkingPipeline_resources/narrowPeak_files/ENCFF035PHP.bed.gz.sorted,/scratch/groups/engreitz/Users/kmualim/BenchmarkingPipeline_resources/narrowPeak_files/ENCFF037RXP.bed.gz.sorted	iPS_DF_19.11_ENCFF966PEX_ENCFF821TYU_ENCFF461LZB	/oak/stanford/groups/akundaje/kmualim/02212022_hg38Preds_QNORM-avg_hic_track2/iPS_DF_19.11_ENCFF966PEX_ENCFF821TYU_ENCFF461LZB/Predictions/EnhancerPredictionsAllPutative.txt.gz	/oak/stanford/groups/akundaje/kmualim/02212022_hg38Preds_QNORM-avg_hic_track1/iPS_DF_19.11_ENCFF966PEX_ENCFF821TYU_ENCFF461LZB/Peaks/macs2_peaks.narrowPeak.sorted.candidateRegions.bed
iPS_DF_6.9_ID_2647	/scratch/groups/engreitz/Users/kmualim/ABC_data/tagAligns/ENCFF138HXB.se.tagAlign.gz	/scratch/groups/engreitz/Users/kmualim/ABC_data/tagAligns/ENCFF482OZK.se.tagAlign.gz	/scratch/groups/engreitz/Users/kmualim/BenchmarkingPipeline_resources/narrowPeak_files/ENCFF668UYX.bed.gz.sorted	/scratch/groups/engreitz/Users/kmualim/BenchmarkingPipeline_resources/narrowPeak_files/ENCFF756WJX.bed.gz.sorted	iPS_DF_6.9_ENCFF138HXB_ENCFF482OZK	/oak/stanford/groups/akundaje/kmualim/02212022_hg38Preds_QNORM-avg_hic_track2/iPS_DF_6.9_ENCFF138HXB_ENCFF482OZK/Predictions/EnhancerPredictionsAllPutative.txt.gz	/oak/stanford/groups/akundaje/kmualim/02212022_hg38Preds_QNORM-avg_hic_track1/iPS_DF_6.9_ENCFF138HXB_ENCFF482OZK/Peaks/macs2_peaks.narrowPeak.sorted.candidateRegions.bed
K562_ID_2644	/scratch/groups/engreitz/Users/kmualim/ABC_data/tagAligns/ENCFF860XAE.se.tagAlign.gz	/scratch/groups/engreitz/Users/kmualim/ABC_data/tagAligns/ENCFF790GFL.se.tagAlign.gz	/scratch/groups/engreitz/Users/kmualim/BenchmarkingPipeline_resources/narrowPeak_files/ENCFF638QFS.bed.gz.sorted,/scratch/groups/engreitz/Users/kmualim/BenchmarkingPipeline_resources/narrowPeak_files/ENCFF784DIM.bed.gz.sorted	/scratch/groups/engreitz/Users/kmualim/BenchmarkingPipeline_resources/narrowPeak_files/ENCFF878ECB.bed.gz.sorted,/scratch/groups/engreitz/Users/kmualim/BenchmarkingPipeline_resources/narrowPeak_files/ENCFF169ZQQ.bed.gz.sorted,/scratch/groups/engreitz/Users/kmualim/BenchmarkingPipeline_resources/narrowPeak_files/ENCFF439SDV.bed.gz.sorted	K562_ENCFF860XAE_ENCFF790GFL	/oak/stanford/groups/akundaje/kmualim/02212022_hg38Preds_QNORM-avg_hic_track2/K562_ENCFF860XAE_ENCFF790GFL/Predictions/EnhancerPredictionsAllPutative.txt.gz	/oak/stanford/groups/akundaje/kmualim/02212022_hg38Preds_QNORM-avg_hic_track1/K562_ENCFF860XAE_ENCFF790GFL/Peaks/macs2_peaks.narrowPeak.sorted.candidateRegions.bed
Karpas-422_ID_2661	/scratch/groups/engreitz/Users/kmualim/ABC_data/tagAligns/ENCFF046SMR.tagAlign.gz,/scratch/groups/engreitz/Users/kmualim/ABC_data/tagAligns/ENCFF438PJC.tagAlign.gz	/scratch/groups/engreitz/Users/kmualim/ABC_data/tagAligns/ENCFF680GBK.se.tagAlign.gz,/scratch/groups/engreitz/Users/kmualim/ABC_data/tagAligns/ENCFF910FWF.se.tagAlign.gz	/scratch/groups/engreitz/Users/kmualim/BenchmarkingPipeline_resources/narrowPeak_files/ENCFF012ADG.bed.gz.sorted,/scratch/groups/engreitz/Users/kmualim/BenchmarkingPipeline_resources/narrowPeak_files/ENCFF898UUD.bed.gz.sorted	/scratch/groups/engreitz/Users/kmualim/BenchmarkingPipeline_resources/narrowPeak_files/ENCFF509MUW.bed.gz.sorted,/scratch/groups/engreitz/Users/kmualim/BenchmarkingPipeline_resources/narrowPeak_files/ENCFF606FJV.bed.gz.sorted,/scratch/groups/engreitz/Users/kmualim/BenchmarkingPipeline_resources/narrowPeak_files/ENCFF626GHC.bed.gz.sorted	Karpas-422_ENCFF046SMR_ENCFF438PJC_ENCFF680GBK_ENCFF910FWF	/oak/stanford/groups/akundaje/kmualim/02212022_hg38Preds_QNORM-avg_hic_track2/Karpas-422_ENCFF046SMR_ENCFF438PJC_ENCFF680GBK_ENCFF910FWF/Predictions/EnhancerPredictionsAllPutative.txt.gz	/oak/stanford/groups/akundaje/kmualim/02212022_hg38Preds_QNORM-avg_hic_track1/Karpas-422_ENCFF046SMR_ENCFF438PJC_ENCFF680GBK_ENCFF910FWF/Peaks/macs2_peaks.narrowPeak.sorted.candidateRegions.bed
keratinocyte_ID_2339	/scratch/groups/engreitz/Users/kmualim/ABC_data/tagAligns/ENCFF474YKG.se.tagAlign.gz	/scratch/groups/engreitz/Users/kmualim/ABC_data/tagAligns/ENCFF299ZJS.se.tagAlign.gz	/scratch/groups/engreitz/Users/kmualim/BenchmarkingPipeline_resources/narrowPeak_files/ENCFF011WVC.bed.gz.sorted,/scratch/groups/engreitz/Users/kmualim/BenchmarkingPipeline_resources/narrowPeak_files/ENCFF358VOS.bed.gz.sorted	/scratch/groups/engreitz/Users/kmualim/BenchmarkingPipeline_resources/narrowPeak_files/ENCFF784ZUB.bed.gz.sorted,/scratch/groups/engreitz/Users/kmualim/BenchmarkingPipeline_resources/narrowPeak_files/ENCFF578GNF.bed.gz.sorted,/scratch/groups/engreitz/Users/kmualim/BenchmarkingPipeline_resources/narrowPeak_files/ENCFF588NPL.bed.gz.sorted	keratinocyte_ENCFF474YKG_ENCFF299ZJS	/oak/stanford/groups/akundaje/kmualim/02212022_hg38Preds_QNORM-avg_hic_track2/keratinocyte_ENCFF474YKG_ENCFF299ZJS/Predictions/EnhancerPredictionsAllPutative.txt.gz	/oak/stanford/groups/akundaje/kmualim/02212022_hg38Preds_QNORM-avg_hic_track1/keratinocyte_ENCFF474YKG_ENCFF299ZJS/Peaks/macs2_peaks.narrowPeak.sorted.candidateRegions.bed
large_intestine_ID_2397	/scratch/groups/engreitz/Users/kmualim/ABC_data/tagAligns/ENCFF672GFS.se.tagAlign.gz	/scratch/groups/engreitz/Users/kmualim/ABC_data/tagAligns/ENCFF387RKC.se.tagAlign.gz	/scratch/groups/engreitz/Users/kmualim/BenchmarkingPipeline_resources/narrowPeak_files/ENCFF959WFA.bed.gz.sorted	/scratch/groups/engreitz/Users/kmualim/BenchmarkingPipeline_resources/narrowPeak_files/ENCFF275GAS.bed.gz.sorted	none	none	none
left_lung_ID_2346	/scratch/groups/engreitz/Users/kmualim/ABC_data/tagAligns/ENCFF050APU.tagAlign.gz	/scratch/groups/engreitz/Users/kmualim/ABC_data/tagAligns/ENCFF135FPL.se.tagAlign.gz	/scratch/groups/engreitz/Users/kmualim/BenchmarkingPipeline_resources/narrowPeak_files/ENCFF671KTD.bed.gz.sorted	/scratch/groups/engreitz/Users/kmualim/BenchmarkingPipeline_resources/narrowPeak_files/ENCFF683QWQ.bed.gz.sorted	none	none	none
left_ventricle_myocardium_inferior_ID_2378	/scratch/groups/engreitz/Users/kmualim/ABC_data/tagAligns/ENCFF616QAS.tagAlign.gz	/scratch/groups/engreitz/Users/kmualim/ABC_data/tagAligns/ENCFF260DUN.se.tagAlign.gz	/scratch/groups/engreitz/Users/kmualim/BenchmarkingPipeline_resources/narrowPeak_files/ENCFF003CAJ.bed.gz.sorted	/scratch/groups/engreitz/Users/kmualim/BenchmarkingPipeline_resources/narrowPeak_files/ENCFF340SAM.bed.gz.sorted,/scratch/groups/engreitz/Users/kmualim/BenchmarkingPipeline_resources/narrowPeak_files/ENCFF419IDT.bed.gz.sorted,/scratch/groups/engreitz/Users/kmualim/BenchmarkingPipeline_resources/narrowPeak_files/ENCFF202OII.bed.gz.sorted	left_ventricle_myocardium_inferior_ENCFF616QAS_ENCFF260DUN	/oak/stanford/groups/akundaje/kmualim/02212022_hg38Preds_QNORM-avg_hic_track2/left_ventricle_myocardium_inferior_ENCFF616QAS_ENCFF260DUN/Predictions/EnhancerPredictionsAllPutative.txt.gz	/oak/stanford/groups/akundaje/kmualim/02212022_hg38Preds_QNORM-avg_hic_track1/left_ventricle_myocardium_inferior_ENCFF616QAS_ENCFF260DUN/Peaks/macs2_peaks.narrowPeak.sorted.candidateRegions.bed
liver_ID_411	/scratch/groups/engreitz/Users/kmualim/ABC_data/tagAligns/ENCFF427KDL.tagAlign.gz	/scratch/groups/engreitz/Users/kmualim/ABC_data/tagAligns/ENCFF580JIQ.se.tagAlign.gz	/scratch/groups/engreitz/Users/kmualim/BenchmarkingPipeline_resources/narrowPeak_files/ENCFF535JZR.bed.gz.sorted	/scratch/groups/engreitz/Users/kmualim/BenchmarkingPipeline_resources/narrowPeak_files/ENCFF287VIA.bed.gz.sorted	liver_ENCFF427KDL_ENCFF580JIQ	/oak/stanford/groups/akundaje/kmualim/02212022_hg38Preds_QNORM-avg_hic_track2/liver_ENCFF427KDL_ENCFF580JIQ/Predictions/EnhancerPredictionsAllPutative.txt.gz	/oak/stanford/groups/akundaje/kmualim/02212022_hg38Preds_QNORM-avg_hic_track1/liver_ENCFF427KDL_ENCFF580JIQ/Peaks/macs2_peaks.narrowPeak.sorted.candidateRegions.bed
lower_lobe_of_left_lung_ID_55	/scratch/groups/engreitz/Users/kmualim/ABC_data/tagAligns/ENCFF816ANC.tagAlign.gz	/scratch/groups/engreitz/Users/kmualim/ABC_data/tagAligns/ENCFF603LSK.se.tagAlign.gz	/scratch/groups/engreitz/Users/kmualim/BenchmarkingPipeline_resources/narrowPeak_files/ENCFF929HVI.bed.gz.sorted	/scratch/groups/engreitz/Users/kmualim/BenchmarkingPipeline_resources/narrowPeak_files/ENCFF448PFH.bed.gz.sorted	lower_lobe_of_left_lung_ENCFF816ANC_ENCFF603LSK	/oak/stanford/groups/akundaje/kmualim/02212022_hg38Preds_QNORM-avg_hic_track2/lower_lobe_of_left_lung_ENCFF816ANC_ENCFF603LSK/Predictions/EnhancerPredictionsAllPutative.txt.gz	/oak/stanford/groups/akundaje/kmualim/02212022_hg38Preds_QNORM-avg_hic_track1/lower_lobe_of_left_lung_ENCFF816ANC_ENCFF603LSK/Peaks/macs2_peaks.narrowPeak.sorted.candidateRegions.bed
lung_ID_2152	/scratch/groups/engreitz/Users/kmualim/ABC_data/tagAligns/ENCFF369PHJ.tagAlign.gz	/scratch/groups/engreitz/Users/kmualim/ABC_data/tagAligns/ENCFF295PKJ.se.tagAlign.gz	/scratch/groups/engreitz/Users/kmualim/BenchmarkingPipeline_resources/narrowPeak_files/ENCFF365NLK.bed.gz.sorted	/scratch/groups/engreitz/Users/kmualim/BenchmarkingPipeline_resources/narrowPeak_files/ENCFF314QTE.bed.gz.sorted	none	none	none
mammary_epithelial_cell_ID_2625	/scratch/groups/engreitz/Users/kmualim/ABC_data/tagAligns/ENCFF296UEM.se.tagAlign.gz	/scratch/groups/engreitz/Users/kmualim/ABC_data/tagAligns/ENCFF041ROD.se.tagAlign.gz	/scratch/groups/engreitz/Users/kmualim/BenchmarkingPipeline_resources/narrowPeak_files/ENCFF232GBX.bed.gz.sorted,/scratch/groups/engreitz/Users/kmualim/BenchmarkingPipeline_resources/narrowPeak_files/ENCFF628QME.bed.gz.sorted	/scratch/groups/engreitz/Users/kmualim/BenchmarkingPipeline_resources/narrowPeak_files/ENCFF768BYY.bed.gz.sorted,/scratch/groups/engreitz/Users/kmualim/BenchmarkingPipeline_resources/narrowPeak_files/ENCFF929WUQ.bed.gz.sorted,/scratch/groups/engreitz/Users/kmualim/BenchmarkingPipeline_resources/narrowPeak_files/ENCFF202WWA.bed.gz.sorted	mammary_epithelial_cell_ENCFF296UEM_ENCFF113TTX_ENCFF041ROD	/oak/stanford/groups/akundaje/kmualim/02212022_hg38Preds_QNORM-avg_hic_track2/mammary_epithelial_cell_ENCFF296UEM_ENCFF113TTX_ENCFF041ROD/Predictions/EnhancerPredictionsAllPutative.txt.gz	/oak/stanford/groups/akundaje/kmualim/02212022_hg38Preds_QNORM-avg_hic_track1/mammary_epithelial_cell_ENCFF296UEM_ENCFF113TTX_ENCFF041ROD/Peaks/macs2_peaks.narrowPeak.sorted.candidateRegions.bed
MCF-7_ID_353	/scratch/groups/engreitz/Users/kmualim/ABC_data/tagAligns/ENCFF429VEC.se.tagAlign.gz	/scratch/groups/engreitz/Users/kmualim/ABC_data/tagAligns/ENCFF595GSO.se.tagAlign.gz	/scratch/groups/engreitz/Users/kmualim/BenchmarkingPipeline_resources/narrowPeak_files/ENCFF250GOB.bed.gz.sorted,/scratch/groups/engreitz/Users/kmualim/BenchmarkingPipeline_resources/narrowPeak_files/ENCFF738JPE.bed.gz.sorted	/scratch/groups/engreitz/Users/kmualim/BenchmarkingPipeline_resources/narrowPeak_files/ENCFF040YMD.bed.gz.sorted,/scratch/groups/engreitz/Users/kmualim/BenchmarkingPipeline_resources/narrowPeak_files/ENCFF840OSY.bed.gz.sorted,/scratch/groups/engreitz/Users/kmualim/BenchmarkingPipeline_resources/narrowPeak_files/ENCFF014WND.bed.gz.sorted	MCF-7_ENCFF429VEC_ENCFF595GSO	/oak/stanford/groups/akundaje/kmualim/02212022_hg38Preds_QNORM-avg_hic_track2/MCF-7_ENCFF429VEC_ENCFF595GSO/Predictions/EnhancerPredictionsAllPutative.txt.gz	/oak/stanford/groups/akundaje/kmualim/02212022_hg38Preds_QNORM-avg_hic_track1/MCF-7_ENCFF429VEC_ENCFF595GSO/Peaks/macs2_peaks.narrowPeak.sorted.candidateRegions.bed
mesenchymal_stem_cell_ID_2749	/scratch/groups/engreitz/Users/kmualim/ABC_data/tagAligns/ENCFF474HCY.tagAlign.gz	/scratch/groups/engreitz/Users/kmualim/ABC_data/tagAligns/ENCFF214ROW.se.tagAlign.gz	/scratch/groups/engreitz/Users/kmualim/BenchmarkingPipeline_resources/narrowPeak_files/ENCFF684GJJ.bed.gz.sorted	/scratch/groups/engreitz/Users/kmualim/BenchmarkingPipeline_resources/narrowPeak_files/ENCFF279UPV.bed.gz.sorted,/scratch/groups/engreitz/Users/kmualim/BenchmarkingPipeline_resources/narrowPeak_files/ENCFF071FJA.bed.gz.sorted,/scratch/groups/engreitz/Users/kmualim/BenchmarkingPipeline_resources/narrowPeak_files/ENCFF864MDD.bed.gz.sorted	mesenchymal_stem_cell_ENCFF474HCY_ENCFF214ROW	/oak/stanford/groups/akundaje/kmualim/02212022_hg38Preds_QNORM-avg_hic_track2/mesenchymal_stem_cell_ENCFF474HCY_ENCFF214ROW/Predictions/EnhancerPredictionsAllPutative.txt.gz	/oak/stanford/groups/akundaje/kmualim/02212022_hg38Preds_QNORM-avg_hic_track1/mesenchymal_stem_cell_ENCFF474HCY_ENCFF214ROW/Peaks/macs2_peaks.narrowPeak.sorted.candidateRegions.bed
mesendoderm_ID_2640	/scratch/groups/engreitz/Users/kmualim/ABC_data/tagAligns/ENCFF585KAH.se.tagAlign.gz	/scratch/groups/engreitz/Users/kmualim/ABC_data/tagAligns/ENCFF513CDW.se.tagAlign.gz	/scratch/groups/engreitz/Users/kmualim/BenchmarkingPipeline_resources/narrowPeak_files/ENCFF476ZZV.bed.gz.sorted	/scratch/groups/engreitz/Users/kmualim/BenchmarkingPipeline_resources/narrowPeak_files/ENCFF808YDZ.bed.gz.sorted,/scratch/groups/engreitz/Users/kmualim/BenchmarkingPipeline_resources/narrowPeak_files/ENCFF942OVU.bed.gz.sorted,/scratch/groups/engreitz/Users/kmualim/BenchmarkingPipeline_resources/narrowPeak_files/ENCFF353XTU.bed.gz.sorted	mesendoderm_ENCFF585KAH_ENCFF513CDW	/oak/stanford/groups/akundaje/kmualim/02212022_hg38Preds_QNORM-avg_hic_track2/mesendoderm_ENCFF585KAH_ENCFF513CDW/Predictions/EnhancerPredictionsAllPutative.txt.gz	/oak/stanford/groups/akundaje/kmualim/02212022_hg38Preds_QNORM-avg_hic_track1/mesendoderm_ENCFF585KAH_ENCFF513CDW/Peaks/macs2_peaks.narrowPeak.sorted.candidateRegions.bed
middle_frontal_area_46_ID_414	/scratch/groups/engreitz/Users/kmualim/ABC_data/tagAligns/ENCFF507QWT.tagAlign.gz	/scratch/groups/engreitz/Users/kmualim/ABC_data/tagAligns/ENCFF932FVV.se.tagAlign.gz	/scratch/groups/engreitz/Users/kmualim/BenchmarkingPipeline_resources/narrowPeak_files/ENCFF750SYW.bed.gz.sorted	/scratch/groups/engreitz/Users/kmualim/BenchmarkingPipeline_resources/narrowPeak_files/ENCFF229NLK.bed.gz.sorted	middle_frontal_area_46_ENCFF507QWT_ENCFF932FVV	/oak/stanford/groups/akundaje/kmualim/02212022_hg38Preds_QNORM-avg_hic_track2/middle_frontal_area_46_ENCFF507QWT_ENCFF932FVV/Predictions/EnhancerPredictionsAllPutative.txt.gz	/oak/stanford/groups/akundaje/kmualim/02212022_hg38Preds_QNORM-avg_hic_track1/middle_frontal_area_46_ENCFF507QWT_ENCFF932FVV/Peaks/macs2_peaks.narrowPeak.sorted.candidateRegions.bed
MM.1S_ID_2179	/scratch/groups/engreitz/Users/kmualim/ABC_data/tagAligns/ENCFF319IZZ.tagAlign.gz	/scratch/groups/engreitz/Users/kmualim/ABC_data/tagAligns/ENCFF498RUH.se.tagAlign.gz	/scratch/groups/engreitz/Users/kmualim/BenchmarkingPipeline_resources/narrowPeak_files/ENCFF720OWT.bed.gz.sorted	/scratch/groups/engreitz/Users/kmualim/BenchmarkingPipeline_resources/narrowPeak_files/ENCFF534DZN.bed.gz.sorted,/scratch/groups/engreitz/Users/kmualim/BenchmarkingPipeline_resources/narrowPeak_files/ENCFF936XTT.bed.gz.sorted,/scratch/groups/engreitz/Users/kmualim/BenchmarkingPipeline_resources/narrowPeak_files/ENCFF228UVG.bed.gz.sorted	MM.1S_ENCFF319IZZ_ENCFF498RUH	/oak/stanford/groups/akundaje/kmualim/02212022_hg38Preds_QNORM-avg_hic_track2/MM.1S_ENCFF319IZZ_ENCFF498RUH/Predictions/EnhancerPredictionsAllPutative.txt.gz	/oak/stanford/groups/akundaje/kmualim/02212022_hg38Preds_QNORM-avg_hic_track1/MM.1S_ENCFF319IZZ_ENCFF498RUH/Peaks/macs2_peaks.narrowPeak.sorted.candidateRegions.bed
muscle_of_leg_ID_2610	/scratch/groups/engreitz/Users/kmualim/ABC_data/tagAligns/ENCFF861RFY.se.tagAlign.gz	/scratch/groups/engreitz/Users/kmualim/ABC_data/tagAligns/ENCFF849GIZ.se.tagAlign.gz	/scratch/groups/engreitz/Users/kmualim/BenchmarkingPipeline_resources/narrowPeak_files/ENCFF721BHY.bed.gz.sorted	/scratch/groups/engreitz/Users/kmualim/BenchmarkingPipeline_resources/narrowPeak_files/ENCFF154ZCF.bed.gz.sorted	none	none	none
muscle_of_trunk_ID_2601	/scratch/groups/engreitz/Users/kmualim/ABC_data/tagAligns/ENCFF268CMB.se.tagAlign.gz	/scratch/groups/engreitz/Users/kmualim/ABC_data/tagAligns/ENCFF763MLK.se.tagAlign.gz	/scratch/groups/engreitz/Users/kmualim/BenchmarkingPipeline_resources/narrowPeak_files/ENCFF818WYB.bed.gz.sorted	/scratch/groups/engreitz/Users/kmualim/BenchmarkingPipeline_resources/narrowPeak_files/ENCFF859UCD.bed.gz.sorted	muscle_of_trunk_ENCFF268CMB_ENCFF199QGQ_ENCFF905COX_ENCFF763MLK	/oak/stanford/groups/akundaje/kmualim/02212022_hg38Preds_QNORM-avg_hic_track2/muscle_of_trunk_ENCFF268CMB_ENCFF199QGQ_ENCFF905COX_ENCFF763MLK/Predictions/EnhancerPredictionsAllPutative.txt.gz	/oak/stanford/groups/akundaje/kmualim/02212022_hg38Preds_QNORM-avg_hic_track1/muscle_of_trunk_ENCFF268CMB_ENCFF199QGQ_ENCFF905COX_ENCFF763MLK/Peaks/macs2_peaks.narrowPeak.sorted.candidateRegions.bed
myotube_ID_2176	/scratch/groups/engreitz/Users/kmualim/ABC_data/tagAligns/ENCFF806BLV.se.tagAlign.gz	/scratch/groups/engreitz/Users/kmualim/ABC_data/tagAligns/ENCFF051NJJ.se.tagAlign.gz	/scratch/groups/engreitz/Users/kmualim/BenchmarkingPipeline_resources/narrowPeak_files/ENCFF961KQA.bed.gz.sorted,/scratch/groups/engreitz/Users/kmualim/BenchmarkingPipeline_resources/narrowPeak_files/ENCFF888UNX.bed.gz.sorted	/scratch/groups/engreitz/Users/kmualim/BenchmarkingPipeline_resources/narrowPeak_files/ENCFF888TSH.bed.gz.sorted,/scratch/groups/engreitz/Users/kmualim/BenchmarkingPipeline_resources/narrowPeak_files/ENCFF942ZUQ.bed.gz.sorted,/scratch/groups/engreitz/Users/kmualim/BenchmarkingPipeline_resources/narrowPeak_files/ENCFF811IHY.bed.gz.sorted	myotube_ENCFF806BLV_ENCFF051NJJ	/oak/stanford/groups/akundaje/kmualim/02212022_hg38Preds_QNORM-avg_hic_track2/myotube_ENCFF806BLV_ENCFF051NJJ/Predictions/EnhancerPredictionsAllPutative.txt.gz	/oak/stanford/groups/akundaje/kmualim/02212022_hg38Preds_QNORM-avg_hic_track1/myotube_ENCFF806BLV_ENCFF051NJJ/Peaks/macs2_peaks.narrowPeak.sorted.candidateRegions.bed
natural_killer_cell_ID_2608	/scratch/groups/engreitz/Users/kmualim/ABC_data/tagAligns/ENCFF989PWI.se.tagAlign.gz	/scratch/groups/engreitz/Users/kmualim/ABC_data/tagAligns/ENCFF608KEW.se.tagAlign.gz	/scratch/groups/engreitz/Users/kmualim/BenchmarkingPipeline_resources/narrowPeak_files/ENCFF145VKG.bed.gz.sorted	/scratch/groups/engreitz/Users/kmualim/BenchmarkingPipeline_resources/narrowPeak_files/ENCFF800YIB.bed.gz.sorted	natural_killer_cell_ENCFF989PWI_ENCFF752UBN_ENCFF608KEW	/oak/stanford/groups/akundaje/kmualim/02212022_hg38Preds_QNORM-avg_hic_track2/natural_killer_cell_ENCFF989PWI_ENCFF752UBN_ENCFF608KEW/Predictions/EnhancerPredictionsAllPutative.txt.gz	/oak/stanford/groups/akundaje/kmualim/02212022_hg38Preds_QNORM-avg_hic_track1/natural_killer_cell_ENCFF989PWI_ENCFF752UBN_ENCFF608KEW/Peaks/macs2_peaks.narrowPeak.sorted.candidateRegions.bed
NCI-H929_ID_2604	/scratch/groups/engreitz/Users/kmualim/ABC_data/tagAligns/ENCFF910XNY.tagAlign.gz,/scratch/groups/engreitz/Users/kmualim/ABC_data/tagAligns/ENCFF369NRI.tagAlign.gz	/scratch/groups/engreitz/Users/kmualim/ABC_data/tagAligns/ENCFF670RFC.tagAlign.gz,/scratch/groups/engreitz/Users/kmualim/ABC_data/tagAligns/ENCFF230NOF.tagAlign.gz	/scratch/groups/engreitz/Users/kmualim/BenchmarkingPipeline_resources/narrowPeak_files/ENCFF757IJO.bed.gz.sorted,/scratch/groups/engreitz/Users/kmualim/BenchmarkingPipeline_resources/narrowPeak_files/ENCFF505RYO.bed.gz.sorted	/scratch/groups/engreitz/Users/kmualim/BenchmarkingPipeline_resources/narrowPeak_files/ENCFF692TYT.bed.gz.sorted,/scratch/groups/engreitz/Users/kmualim/BenchmarkingPipeline_resources/narrowPeak_files/ENCFF447YWC.bed.gz.sorted,/scratch/groups/engreitz/Users/kmualim/BenchmarkingPipeline_resources/narrowPeak_files/ENCFF553MQN.bed.gz.sorted	NCI-H929_ENCFF910XNY_ENCFF369NRI_ENCFF670RFC_ENCFF230NOF	/oak/stanford/groups/akundaje/kmualim/02212022_hg38Preds_QNORM-avg_hic_track2/NCI-H929_ENCFF910XNY_ENCFF369NRI_ENCFF670RFC_ENCFF230NOF/Predictions/EnhancerPredictionsAllPutative.txt.gz	/oak/stanford/groups/akundaje/kmualim/02212022_hg38Preds_QNORM-avg_hic_track1/NCI-H929_ENCFF910XNY_ENCFF369NRI_ENCFF670RFC_ENCFF230NOF/Peaks/macs2_peaks.narrowPeak.sorted.candidateRegions.bed
neuronal_stem_cell_ID_2716	/scratch/groups/engreitz/Users/kmualim/ABC_data/tagAligns/ENCFF204GFI.se.tagAlign.gz	/scratch/groups/engreitz/Users/kmualim/ABC_data/tagAligns/ENCFF319REM.se.tagAlign.gz	/scratch/groups/engreitz/Users/kmualim/BenchmarkingPipeline_resources/narrowPeak_files/ENCFF157QJJ.bed.gz.sorted	/scratch/groups/engreitz/Users/kmualim/BenchmarkingPipeline_resources/narrowPeak_files/ENCFF021JTX.bed.gz.sorted,/scratch/groups/engreitz/Users/kmualim/BenchmarkingPipeline_resources/narrowPeak_files/ENCFF969ART.bed.gz.sorted,/scratch/groups/engreitz/Users/kmualim/BenchmarkingPipeline_resources/narrowPeak_files/ENCFF418ZLO.bed.gz.sorted,/scratch/groups/engreitz/Users/kmualim/BenchmarkingPipeline_resources/narrowPeak_files/ENCFF280SIU.bed.gz.sorted	neuronal_stem_cell_ENCFF204GFI_ENCFF319REM	/oak/stanford/groups/akundaje/kmualim/02212022_hg38Preds_QNORM-avg_hic_track2/neuronal_stem_cell_ENCFF204GFI_ENCFF319REM/Predictions/EnhancerPredictionsAllPutative.txt.gz	/oak/stanford/groups/akundaje/kmualim/02212022_hg38Preds_QNORM-avg_hic_track1/neuronal_stem_cell_ENCFF204GFI_ENCFF319REM/Peaks/macs2_peaks.narrowPeak.sorted.candidateRegions.bed
osteoblast_ID_2177	/scratch/groups/engreitz/Users/kmualim/ABC_data/tagAligns/ENCFF977LFT.se.tagAlign.gz	/scratch/groups/engreitz/Users/kmualim/ABC_data/tagAligns/ENCFF509IKG.se.tagAlign.gz	/scratch/groups/engreitz/Users/kmualim/BenchmarkingPipeline_resources/narrowPeak_files/ENCFF195EHM.bed.gz.sorted	/scratch/groups/engreitz/Users/kmualim/BenchmarkingPipeline_resources/narrowPeak_files/ENCFF298FQQ.bed.gz.sorted,/scratch/groups/engreitz/Users/kmualim/BenchmarkingPipeline_resources/narrowPeak_files/ENCFF963UIC.bed.gz.sorted,/scratch/groups/engreitz/Users/kmualim/BenchmarkingPipeline_resources/narrowPeak_files/ENCFF131PNT.bed.gz.sorted	osteoblast_ENCFF977LFT_ENCFF509IKG	/oak/stanford/groups/akundaje/kmualim/02212022_hg38Preds_QNORM-avg_hic_track2/osteoblast_ENCFF977LFT_ENCFF509IKG/Predictions/EnhancerPredictionsAllPutative.txt.gz	/oak/stanford/groups/akundaje/kmualim/02212022_hg38Preds_QNORM-avg_hic_track1/osteoblast_ENCFF977LFT_ENCFF509IKG/Peaks/macs2_peaks.narrowPeak.sorted.candidateRegions.bed
ovary_ID_325	/scratch/groups/engreitz/Users/kmualim/ABC_data/tagAligns/ENCFF072TLG.tagAlign.gz	/scratch/groups/engreitz/Users/kmualim/ABC_data/tagAligns/ENCFF497BXP.se.tagAlign.gz	/scratch/groups/engreitz/Users/kmualim/BenchmarkingPipeline_resources/narrowPeak_files/ENCFF500HAK.bed.gz.sorted	/scratch/groups/engreitz/Users/kmualim/BenchmarkingPipeline_resources/narrowPeak_files/ENCFF328KKO.bed.gz.sorted	ovary_ENCFF072TLG_ENCFF868TSB_ENCFF180HNU_ENCFF218QGZ_ENCFF593QEZ_ENCFF764XZE_ENCFF026RIM_ENCFF332IHS_ENCFF072TVW_ENCFF497BXP_ENCFF089HFH	/oak/stanford/groups/akundaje/kmualim/02212022_hg38Preds_QNORM-avg_hic_track2/ovary_ENCFF072TLG_ENCFF868TSB_ENCFF180HNU_ENCFF218QGZ_ENCFF593QEZ_ENCFF764XZE_ENCFF026RIM_ENCFF332IHS_ENCFF072TVW_ENCFF497BXP_ENCFF089HFH/Predictions/EnhancerPredictionsAllPutative.txt.gz	/oak/stanford/groups/akundaje/kmualim/02212022_hg38Preds_QNORM-avg_hic_track1/ovary_ENCFF072TLG_ENCFF868TSB_ENCFF180HNU_ENCFF218QGZ_ENCFF593QEZ_ENCFF764XZE_ENCFF026RIM_ENCFF332IHS_ENCFF072TVW_ENCFF497BXP_ENCFF089HFH/Peaks/macs2_peaks.narrowPeak.sorted.candidateRegions.bed
Panc1_ID_2630	/scratch/groups/engreitz/Users/kmualim/ABC_data/tagAligns/ENCFF313EDO.se.tagAlign.gz	/scratch/groups/engreitz/Users/kmualim/ABC_data/tagAligns/ENCFF146CFC.se.tagAlign.gz	/scratch/groups/engreitz/Users/kmualim/BenchmarkingPipeline_resources/narrowPeak_files/ENCFF650TJF.bed.gz.sorted,/scratch/groups/engreitz/Users/kmualim/BenchmarkingPipeline_resources/narrowPeak_files/ENCFF412OUB.bed.gz.sorted	/scratch/groups/engreitz/Users/kmualim/BenchmarkingPipeline_resources/narrowPeak_files/ENCFF579DQM.bed.gz.sorted,/scratch/groups/engreitz/Users/kmualim/BenchmarkingPipeline_resources/narrowPeak_files/ENCFF079UIK.bed.gz.sorted,/scratch/groups/engreitz/Users/kmualim/BenchmarkingPipeline_resources/narrowPeak_files/ENCFF910NXP.bed.gz.sorted	Panc1_ENCFF313EDO_ENCFF146CFC	/oak/stanford/groups/akundaje/kmualim/02212022_hg38Preds_QNORM-avg_hic_track2/Panc1_ENCFF313EDO_ENCFF146CFC/Predictions/EnhancerPredictionsAllPutative.txt.gz	/oak/stanford/groups/akundaje/kmualim/02212022_hg38Preds_QNORM-avg_hic_track1/Panc1_ENCFF313EDO_ENCFF146CFC/Peaks/macs2_peaks.narrowPeak.sorted.candidateRegions.bed
pancreas_ID_274	/scratch/groups/engreitz/Users/kmualim/ABC_data/tagAligns/ENCFF456GDF.tagAlign.gz	/scratch/groups/engreitz/Users/kmualim/ABC_data/tagAligns/ENCFF181NJO.se.tagAlign.gz	/scratch/groups/engreitz/Users/kmualim/BenchmarkingPipeline_resources/narrowPeak_files/ENCFF159YBO.bed.gz.sorted	/scratch/groups/engreitz/Users/kmualim/BenchmarkingPipeline_resources/narrowPeak_files/ENCFF664FHI.bed.gz.sorted,/scratch/groups/engreitz/Users/kmualim/BenchmarkingPipeline_resources/narrowPeak_files/ENCFF906FPM.bed.gz.sorted,/scratch/groups/engreitz/Users/kmualim/BenchmarkingPipeline_resources/narrowPeak_files/ENCFF246JWY.bed.gz.sorted	none	none	none
Peyers_patch_ID_2698	/scratch/groups/engreitz/Users/kmualim/ABC_data/tagAligns/ENCFF799FGK.tagAlign.gz	/scratch/groups/engreitz/Users/kmualim/ABC_data/tagAligns/ENCFF705UNY.se.tagAlign.gz	/scratch/groups/engreitz/Users/kmualim/BenchmarkingPipeline_resources/narrowPeak_files/ENCFF892ARW.bed.gz.sorted	/scratch/groups/engreitz/Users/kmualim/BenchmarkingPipeline_resources/narrowPeak_files/ENCFF579OOI.bed.gz.sorted	none	none	none
placenta_ID_391	/scratch/groups/engreitz/Users/kmualim/ABC_data/tagAligns/ENCFF446RVL.tagAlign.gz	/scratch/groups/engreitz/Users/kmualim/ABC_data/tagAligns/ENCFF152HGT.se.tagAlign.gz	/scratch/groups/engreitz/Users/kmualim/BenchmarkingPipeline_resources/narrowPeak_files/ENCFF925IJX.bed.gz.sorted	/scratch/groups/engreitz/Users/kmualim/BenchmarkingPipeline_resources/narrowPeak_files/ENCFF297NSU.bed.gz.sorted	none	none	none
prostate_gland_ID_2763	/scratch/groups/engreitz/Users/kmualim/ABC_data/tagAligns/ENCFF084DLF.tagAlign.gz	/scratch/groups/engreitz/Users/kmualim/ABC_data/tagAligns/ENCFF749UHJ.se.tagAlign.gz	/scratch/groups/engreitz/Users/kmualim/BenchmarkingPipeline_resources/narrowPeak_files/ENCFF557QYU.bed.gz.sorted	/scratch/groups/engreitz/Users/kmualim/BenchmarkingPipeline_resources/narrowPeak_files/ENCFF551MWX.bed.gz.sorted,/scratch/groups/engreitz/Users/kmualim/BenchmarkingPipeline_resources/narrowPeak_files/ENCFF644HLZ.bed.gz.sorted,/scratch/groups/engreitz/Users/kmualim/BenchmarkingPipeline_resources/narrowPeak_files/ENCFF294UMR.bed.gz.sorted	prostate_gland_ENCFF084DLF_ENCFF749UHJ_ENCFF304BIE	/oak/stanford/groups/akundaje/kmualim/02212022_hg38Preds_QNORM-avg_hic_track2/prostate_gland_ENCFF084DLF_ENCFF749UHJ_ENCFF304BIE/Predictions/EnhancerPredictionsAllPutative.txt.gz	/oak/stanford/groups/akundaje/kmualim/02212022_hg38Preds_QNORM-avg_hic_track1/prostate_gland_ENCFF084DLF_ENCFF749UHJ_ENCFF304BIE/Peaks/macs2_peaks.narrowPeak.sorted.candidateRegions.bed
psoas_muscle_ID_2122	/scratch/groups/engreitz/Users/kmualim/ABC_data/tagAligns/ENCFF215SXQ.se.tagAlign.gz	/scratch/groups/engreitz/Users/kmualim/ABC_data/tagAligns/ENCFF321RLW.se.tagAlign.gz	/scratch/groups/engreitz/Users/kmualim/BenchmarkingPipeline_resources/narrowPeak_files/ENCFF710XUB.bed.gz.sorted,/scratch/groups/engreitz/Users/kmualim/BenchmarkingPipeline_resources/narrowPeak_files/ENCFF336IOL.bed.gz.sorted	/scratch/groups/engreitz/Users/kmualim/BenchmarkingPipeline_resources/narrowPeak_files/ENCFF464RXV.bed.gz.sorted	none	none	none
right_atrium_auricular_region_ID_2728	/scratch/groups/engreitz/Users/kmualim/ABC_data/tagAligns/ENCFF068EYV.tagAlign.gz	/scratch/groups/engreitz/Users/kmualim/ABC_data/tagAligns/ENCFF258ZUX.se.tagAlign.gz	/scratch/groups/engreitz/Users/kmualim/BenchmarkingPipeline_resources/narrowPeak_files/ENCFF248VEV.bed.gz.sorted	/scratch/groups/engreitz/Users/kmualim/BenchmarkingPipeline_resources/narrowPeak_files/ENCFF970DMJ.bed.gz.sorted	right_atrium_auricular_region_ENCFF068EYV_ENCFF258ZUX	/oak/stanford/groups/akundaje/kmualim/02212022_hg38Preds_QNORM-avg_hic_track2/right_atrium_auricular_region_ENCFF068EYV_ENCFF258ZUX/Predictions/EnhancerPredictionsAllPutative.txt.gz	/oak/stanford/groups/akundaje/kmualim/02212022_hg38Preds_QNORM-avg_hic_track1/right_atrium_auricular_region_ENCFF068EYV_ENCFF258ZUX/Peaks/macs2_peaks.narrowPeak.sorted.candidateRegions.bed
right_cardiac_atrium_ID_322	/scratch/groups/engreitz/Users/kmualim/ABC_data/tagAligns/ENCFF369ITQ.tagAlign.gz	/scratch/groups/engreitz/Users/kmualim/ABC_data/tagAligns/ENCFF780PGC.se.tagAlign.gz	/scratch/groups/engreitz/Users/kmualim/BenchmarkingPipeline_resources/narrowPeak_files/ENCFF312TER.bed.gz.sorted	/scratch/groups/engreitz/Users/kmualim/BenchmarkingPipeline_resources/narrowPeak_files/ENCFF153OUB.bed.gz.sorted	none	none	none
right_lobe_of_liver_ID_383	/scratch/groups/engreitz/Users/kmualim/ABC_data/tagAligns/ENCFF427BNB.tagAlign.gz	/scratch/groups/engreitz/Users/kmualim/ABC_data/tagAligns/ENCFF152LRJ.se.tagAlign.gz	/scratch/groups/engreitz/Users/kmualim/BenchmarkingPipeline_resources/narrowPeak_files/ENCFF912XTH.bed.gz.sorted	/scratch/groups/engreitz/Users/kmualim/BenchmarkingPipeline_resources/narrowPeak_files/ENCFF382EMP.bed.gz.sorted,/scratch/groups/engreitz/Users/kmualim/BenchmarkingPipeline_resources/narrowPeak_files/ENCFF355UWI.bed.gz.sorted,/scratch/groups/engreitz/Users/kmualim/BenchmarkingPipeline_resources/narrowPeak_files/ENCFF375NEZ.bed.gz.sorted	none	none	none
RWPE2_ID_2121	/scratch/groups/engreitz/Users/kmualim/ABC_data/tagAligns/ENCFF512AOX.tagAlign.gz,/scratch/groups/engreitz/Users/kmualim/ABC_data/tagAligns/ENCFF407ORW.tagAlign.gz	/scratch/groups/engreitz/Users/kmualim/ABC_data/tagAligns/ENCFF246EDR.tagAlign.gz,/scratch/groups/engreitz/Users/kmualim/ABC_data/tagAligns/ENCFF132EYY.tagAlign.gz	/scratch/groups/engreitz/Users/kmualim/BenchmarkingPipeline_resources/narrowPeak_files/ENCFF326QQQ.bed.gz.sorted,/scratch/groups/engreitz/Users/kmualim/BenchmarkingPipeline_resources/narrowPeak_files/ENCFF813AKH.bed.gz.sorted	/scratch/groups/engreitz/Users/kmualim/BenchmarkingPipeline_resources/narrowPeak_files/ENCFF123CGR.bed.gz.sorted,/scratch/groups/engreitz/Users/kmualim/BenchmarkingPipeline_resources/narrowPeak_files/ENCFF171PON.bed.gz.sorted,/scratch/groups/engreitz/Users/kmualim/BenchmarkingPipeline_resources/narrowPeak_files/ENCFF189ZSN.bed.gz.sorted	RWPE2_ENCFF512AOX_ENCFF407ORW_ENCFF246EDR_ENCFF132EYY	/oak/stanford/groups/akundaje/kmualim/02212022_hg38Preds_QNORM-avg_hic_track2/RWPE2_ENCFF512AOX_ENCFF407ORW_ENCFF246EDR_ENCFF132EYY/Predictions/EnhancerPredictionsAllPutative.txt.gz	/oak/stanford/groups/akundaje/kmualim/02212022_hg38Preds_QNORM-avg_hic_track1/RWPE2_ENCFF512AOX_ENCFF407ORW_ENCFF246EDR_ENCFF132EYY/Peaks/macs2_peaks.narrowPeak.sorted.candidateRegions.bed
sigmoid_colon_ID_2752	/scratch/groups/engreitz/Users/kmualim/ABC_data/tagAligns/ENCFF531YYI.tagAlign.gz	/scratch/groups/engreitz/Users/kmualim/ABC_data/tagAligns/ENCFF340LGW.se.tagAlign.gz	/scratch/groups/engreitz/Users/kmualim/BenchmarkingPipeline_resources/narrowPeak_files/ENCFF341SXW.bed.gz.sorted	/scratch/groups/engreitz/Users/kmualim/BenchmarkingPipeline_resources/narrowPeak_files/ENCFF759DJM.bed.gz.sorted	sigmoid_colon_ENCFF531YYI_ENCFF340LGW_ENCFF773HIA_ENCFF789FIZ_ENCFF409VDP_ENCFF833FDB_ENCFF841NXH	/oak/stanford/groups/akundaje/kmualim/02212022_hg38Preds_QNORM-avg_hic_track2/sigmoid_colon_ENCFF531YYI_ENCFF340LGW_ENCFF773HIA_ENCFF789FIZ_ENCFF409VDP_ENCFF833FDB_ENCFF841NXH/Predictions/EnhancerPredictionsAllPutative.txt.gz	/oak/stanford/groups/akundaje/kmualim/02212022_hg38Preds_QNORM-avg_hic_track1/sigmoid_colon_ENCFF531YYI_ENCFF340LGW_ENCFF773HIA_ENCFF789FIZ_ENCFF409VDP_ENCFF833FDB_ENCFF841NXH/Peaks/macs2_peaks.narrowPeak.sorted.candidateRegions.bed
SJCRH30_ID_2119	/scratch/groups/engreitz/Users/kmualim/ABC_data/tagAligns/ENCFF477YUQ.tagAlign.gz,/scratch/groups/engreitz/Users/kmualim/ABC_data/tagAligns/ENCFF102QDV.tagAlign.gz	/scratch/groups/engreitz/Users/kmualim/ABC_data/tagAligns/ENCFF743FZM.tagAlign.gz,/scratch/groups/engreitz/Users/kmualim/ABC_data/tagAligns/ENCFF721URQ.tagAlign.gz	/scratch/groups/engreitz/Users/kmualim/BenchmarkingPipeline_resources/narrowPeak_files/ENCFF716DYT.bed.gz.sorted,/scratch/groups/engreitz/Users/kmualim/BenchmarkingPipeline_resources/narrowPeak_files/ENCFF428YSY.bed.gz.sorted	/scratch/groups/engreitz/Users/kmualim/BenchmarkingPipeline_resources/narrowPeak_files/ENCFF127LJD.bed.gz.sorted,/scratch/groups/engreitz/Users/kmualim/BenchmarkingPipeline_resources/narrowPeak_files/ENCFF787TTT.bed.gz.sorted,/scratch/groups/engreitz/Users/kmualim/BenchmarkingPipeline_resources/narrowPeak_files/ENCFF760KFQ.bed.gz.sorted	SJCRH30_ENCFF477YUQ_ENCFF102QDV_ENCFF743FZM_ENCFF721URQ	/oak/stanford/groups/akundaje/kmualim/02212022_hg38Preds_QNORM-avg_hic_track2/SJCRH30_ENCFF477YUQ_ENCFF102QDV_ENCFF743FZM_ENCFF721URQ/Predictions/EnhancerPredictionsAllPutative.txt.gz	/oak/stanford/groups/akundaje/kmualim/02212022_hg38Preds_QNORM-avg_hic_track1/SJCRH30_ENCFF477YUQ_ENCFF102QDV_ENCFF743FZM_ENCFF721URQ/Peaks/macs2_peaks.narrowPeak.sorted.candidateRegions.bed
SJSA1_ID_368	/scratch/groups/engreitz/Users/kmualim/ABC_data/tagAligns/ENCFF726YVN.tagAlign.gz,/scratch/groups/engreitz/Users/kmualim/ABC_data/tagAligns/ENCFF177HIF.tagAlign.gz	/scratch/groups/engreitz/Users/kmualim/ABC_data/tagAligns/ENCFF174GEJ.tagAlign.gz,/scratch/groups/engreitz/Users/kmualim/ABC_data/tagAligns/ENCFF238CFV.tagAlign.gz	/scratch/groups/engreitz/Users/kmualim/BenchmarkingPipeline_resources/narrowPeak_files/ENCFF785CSL.bed.gz.sorted,/scratch/groups/engreitz/Users/kmualim/BenchmarkingPipeline_resources/narrowPeak_files/ENCFF013DKA.bed.gz.sorted	/scratch/groups/engreitz/Users/kmualim/BenchmarkingPipeline_resources/narrowPeak_files/ENCFF260ZKR.bed.gz.sorted,/scratch/groups/engreitz/Users/kmualim/BenchmarkingPipeline_resources/narrowPeak_files/ENCFF058RVC.bed.gz.sorted,/scratch/groups/engreitz/Users/kmualim/BenchmarkingPipeline_resources/narrowPeak_files/ENCFF156VAZ.bed.gz.sorted	SJSA1_ENCFF726YVN_ENCFF177HIF_ENCFF174GEJ_ENCFF238CFV	/oak/stanford/groups/akundaje/kmualim/02212022_hg38Preds_QNORM-avg_hic_track2/SJSA1_ENCFF726YVN_ENCFF177HIF_ENCFF174GEJ_ENCFF238CFV/Predictions/EnhancerPredictionsAllPutative.txt.gz	/oak/stanford/groups/akundaje/kmualim/02212022_hg38Preds_QNORM-avg_hic_track1/SJSA1_ENCFF726YVN_ENCFF177HIF_ENCFF174GEJ_ENCFF238CFV/Peaks/macs2_peaks.narrowPeak.sorted.candidateRegions.bed
skeletal_muscle_myoblast_ID_2714	/scratch/groups/engreitz/Users/kmualim/ABC_data/tagAligns/ENCFF372SZT.se.tagAlign.gz	/scratch/groups/engreitz/Users/kmualim/ABC_data/tagAligns/ENCFF702NBI.se.tagAlign.gz	/scratch/groups/engreitz/Users/kmualim/BenchmarkingPipeline_resources/narrowPeak_files/ENCFF381RGE.bed.gz.sorted,/scratch/groups/engreitz/Users/kmualim/BenchmarkingPipeline_resources/narrowPeak_files/ENCFF711DSC.bed.gz.sorted	/scratch/groups/engreitz/Users/kmualim/BenchmarkingPipeline_resources/narrowPeak_files/ENCFF445BFE.bed.gz.sorted,/scratch/groups/engreitz/Users/kmualim/BenchmarkingPipeline_resources/narrowPeak_files/ENCFF673NHH.bed.gz.sorted,/scratch/groups/engreitz/Users/kmualim/BenchmarkingPipeline_resources/narrowPeak_files/ENCFF472RKT.bed.gz.sorted	skeletal_muscle_myoblast_ENCFF372SZT_ENCFF702NBI	/oak/stanford/groups/akundaje/kmualim/02212022_hg38Preds_QNORM-avg_hic_track2/skeletal_muscle_myoblast_ENCFF372SZT_ENCFF702NBI/Predictions/EnhancerPredictionsAllPutative.txt.gz	/oak/stanford/groups/akundaje/kmualim/02212022_hg38Preds_QNORM-avg_hic_track1/skeletal_muscle_myoblast_ENCFF372SZT_ENCFF702NBI/Peaks/macs2_peaks.narrowPeak.sorted.candidateRegions.bed
small_intestine_ID_2547	/scratch/groups/engreitz/Users/kmualim/ABC_data/tagAligns/ENCFF272EZX.se.tagAlign.gz	/scratch/groups/engreitz/Users/kmualim/ABC_data/tagAligns/ENCFF257TPQ.se.tagAlign.gz	/scratch/groups/engreitz/Users/kmualim/BenchmarkingPipeline_resources/narrowPeak_files/ENCFF189GZI.bed.gz.sorted	/scratch/groups/engreitz/Users/kmualim/BenchmarkingPipeline_resources/narrowPeak_files/ENCFF074WDV.bed.gz.sorted	none	none	none
small_intestine_ID_2550	/scratch/groups/engreitz/Users/kmualim/ABC_data/tagAligns/ENCFF272EZX.se.tagAlign.gz	/scratch/groups/engreitz/Users/kmualim/ABC_data/tagAligns/ENCFF181JQV.se.tagAlign.gz	/scratch/groups/engreitz/Users/kmualim/BenchmarkingPipeline_resources/narrowPeak_files/ENCFF189GZI.bed.gz.sorted	/scratch/groups/engreitz/Users/kmualim/BenchmarkingPipeline_resources/narrowPeak_files/ENCFF618CUQ.bed.gz.sorted	none	none	none
spinal_cord_ID_2635	/scratch/groups/engreitz/Users/kmualim/ABC_data/tagAligns/ENCFF765CIP.se.tagAlign.gz	/scratch/groups/engreitz/Users/kmualim/ABC_data/tagAligns/ENCFF630XZP.se.tagAlign.gz	/scratch/groups/engreitz/Users/kmualim/BenchmarkingPipeline_resources/narrowPeak_files/ENCFF388BLR.bed.gz.sorted	/scratch/groups/engreitz/Users/kmualim/BenchmarkingPipeline_resources/narrowPeak_files/ENCFF516MFW.bed.gz.sorted	none	none	none
spleen_ID_1	/scratch/groups/engreitz/Users/kmualim/ABC_data/tagAligns/ENCFF932JKV.tagAlign.gz	/scratch/groups/engreitz/Users/kmualim/ABC_data/tagAligns/ENCFF451IRO.se.tagAlign.gz	/scratch/groups/engreitz/Users/kmualim/BenchmarkingPipeline_resources/narrowPeak_files/ENCFF706OCJ.bed.gz.sorted	/scratch/groups/engreitz/Users/kmualim/BenchmarkingPipeline_resources/narrowPeak_files/ENCFF758DTU.bed.gz.sorted	none	none	none
stomach_ID_2411	/scratch/groups/engreitz/Users/kmualim/ABC_data/tagAligns/ENCFF939RXC.se.tagAlign.gz	/scratch/groups/engreitz/Users/kmualim/ABC_data/tagAligns/ENCFF155XPN.se.tagAlign.gz	/scratch/groups/engreitz/Users/kmualim/BenchmarkingPipeline_resources/narrowPeak_files/ENCFF423KVX.bed.gz.sorted	/scratch/groups/engreitz/Users/kmualim/BenchmarkingPipeline_resources/narrowPeak_files/ENCFF736SWI.bed.gz.sorted	none	none	none
suprapubic_skin_ID_2750	/scratch/groups/engreitz/Users/kmualim/ABC_data/tagAligns/ENCFF134TIX.tagAlign.gz	/scratch/groups/engreitz/Users/kmualim/ABC_data/tagAligns/ENCFF973YUI.se.tagAlign.gz	/scratch/groups/engreitz/Users/kmualim/BenchmarkingPipeline_resources/narrowPeak_files/ENCFF281PPW.bed.gz.sorted	/scratch/groups/engreitz/Users/kmualim/BenchmarkingPipeline_resources/narrowPeak_files/ENCFF398EEO.bed.gz.sorted	none	none	none
T-cell_ID_61	/scratch/groups/engreitz/Users/kmualim/ABC_data/tagAligns/ENCFF126MXQ.tagAlign.gz	/scratch/groups/engreitz/Users/kmualim/ABC_data/tagAligns/ENCFF961CNU.se.tagAlign.gz	/scratch/groups/engreitz/Users/kmualim/BenchmarkingPipeline_resources/narrowPeak_files/ENCFF842BPR.bed.gz.sorted	/scratch/groups/engreitz/Users/kmualim/BenchmarkingPipeline_resources/narrowPeak_files/ENCFF653VLZ.bed.gz.sorted	none	none	none
testis_ID_2718	/scratch/groups/engreitz/Users/kmualim/ABC_data/tagAligns/ENCFF882ETO.se.tagAlign.gz	/scratch/groups/engreitz/Users/kmualim/ABC_data/tagAligns/ENCFF252WYC.se.tagAlign.gz	/scratch/groups/engreitz/Users/kmualim/BenchmarkingPipeline_resources/narrowPeak_files/ENCFF360IUJ.bed.gz.sorted	/scratch/groups/engreitz/Users/kmualim/BenchmarkingPipeline_resources/narrowPeak_files/ENCFF540YUQ.bed.gz.sorted	none	none	none
thoracic_aorta_ID_2344	/scratch/groups/engreitz/Users/kmualim/ABC_data/tagAligns/ENCFF818DQZ.tagAlign.gz	/scratch/groups/engreitz/Users/kmualim/ABC_data/tagAligns/ENCFF435WUP.se.tagAlign.gz	/scratch/groups/engreitz/Users/kmualim/BenchmarkingPipeline_resources/narrowPeak_files/ENCFF218NMI.bed.gz.sorted	/scratch/groups/engreitz/Users/kmualim/BenchmarkingPipeline_resources/narrowPeak_files/ENCFF417GYW.bed.gz.sorted	thoracic_aorta_ENCFF818DQZ_ENCFF435WUP_ENCFF111DOD	/oak/stanford/groups/akundaje/kmualim/02212022_hg38Preds_QNORM-avg_hic_track2/thoracic_aorta_ENCFF818DQZ_ENCFF435WUP_ENCFF111DOD/Predictions/EnhancerPredictionsAllPutative.txt.gz	/oak/stanford/groups/akundaje/kmualim/02212022_hg38Preds_QNORM-avg_hic_track1/thoracic_aorta_ENCFF818DQZ_ENCFF435WUP_ENCFF111DOD/Peaks/macs2_peaks.narrowPeak.sorted.candidateRegions.bed
thymus_ID_2379	/scratch/groups/engreitz/Users/kmualim/ABC_data/tagAligns/ENCFF931TGW.se.tagAlign.gz	/scratch/groups/engreitz/Users/kmualim/ABC_data/tagAligns/ENCFF270ODA.se.tagAlign.gz	/scratch/groups/engreitz/Users/kmualim/BenchmarkingPipeline_resources/narrowPeak_files/ENCFF544CHZ.bed.gz.sorted	/scratch/groups/engreitz/Users/kmualim/BenchmarkingPipeline_resources/narrowPeak_files/ENCFF668BZJ.bed.gz.sorted	thymus_ENCFF931TGW_ENCFF236OOL_ENCFF619BOF_ENCFF865ZQX_ENCFF237PIY_ENCFF749AUA_ENCFF997JMS_ENCFF725SKI_ENCFF706IXZ_ENCFF270ODA_ENCFF874DOS	/oak/stanford/groups/akundaje/kmualim/02212022_hg38Preds_QNORM-avg_hic_track2/thymus_ENCFF931TGW_ENCFF236OOL_ENCFF619BOF_ENCFF865ZQX_ENCFF237PIY_ENCFF749AUA_ENCFF997JMS_ENCFF725SKI_ENCFF706IXZ_ENCFF270ODA_ENCFF874DOS/Predictions/EnhancerPredictionsAllPutative.txt.gz	/oak/stanford/groups/akundaje/kmualim/02212022_hg38Preds_QNORM-avg_hic_track1/thymus_ENCFF931TGW_ENCFF236OOL_ENCFF619BOF_ENCFF865ZQX_ENCFF237PIY_ENCFF749AUA_ENCFF997JMS_ENCFF725SKI_ENCFF706IXZ_ENCFF270ODA_ENCFF874DOS/Peaks/macs2_peaks.narrowPeak.sorted.candidateRegions.bed
thyroid_gland_ID_2682	/scratch/groups/engreitz/Users/kmualim/ABC_data/tagAligns/ENCFF355MYX.tagAlign.gz	/scratch/groups/engreitz/Users/kmualim/ABC_data/tagAligns/ENCFF915JRY.se.tagAlign.gz	/scratch/groups/engreitz/Users/kmualim/BenchmarkingPipeline_resources/narrowPeak_files/ENCFF889BRJ.bed.gz.sorted	/scratch/groups/engreitz/Users/kmualim/BenchmarkingPipeline_resources/narrowPeak_files/ENCFF138WNV.bed.gz.sorted	thyroid_gland_ENCFF355MYX_ENCFF086CGV_ENCFF657ZLL_ENCFF465MSB_ENCFF915JRY_ENCFF455MBJ_ENCFF385GLV_ENCFF073XLL	/oak/stanford/groups/akundaje/kmualim/02212022_hg38Preds_QNORM-avg_hic_track2/thyroid_gland_ENCFF355MYX_ENCFF086CGV_ENCFF657ZLL_ENCFF465MSB_ENCFF915JRY_ENCFF455MBJ_ENCFF385GLV_ENCFF073XLL/Predictions/EnhancerPredictionsAllPutative.txt.gz	/oak/stanford/groups/akundaje/kmualim/02212022_hg38Preds_QNORM-avg_hic_track1/thyroid_gland_ENCFF355MYX_ENCFF086CGV_ENCFF657ZLL_ENCFF465MSB_ENCFF915JRY_ENCFF455MBJ_ENCFF385GLV_ENCFF073XLL/Peaks/macs2_peaks.narrowPeak.sorted.candidateRegions.bed
tibial_artery_ID_2651	/scratch/groups/engreitz/Users/kmualim/ABC_data/tagAligns/ENCFF641PPV.tagAlign.gz	/scratch/groups/engreitz/Users/kmualim/ABC_data/tagAligns/ENCFF338TDT.se.tagAlign.gz	/scratch/groups/engreitz/Users/kmualim/BenchmarkingPipeline_resources/narrowPeak_files/ENCFF053BLB.bed.gz.sorted	/scratch/groups/engreitz/Users/kmualim/BenchmarkingPipeline_resources/narrowPeak_files/ENCFF063TFI.bed.gz.sorted,/scratch/groups/engreitz/Users/kmualim/BenchmarkingPipeline_resources/narrowPeak_files/ENCFF522MHO.bed.gz.sorted,/scratch/groups/engreitz/Users/kmualim/BenchmarkingPipeline_resources/narrowPeak_files/ENCFF523WDP.bed.gz.sorted	none	none	none
tibial_nerve_ID_2180	/scratch/groups/engreitz/Users/kmualim/ABC_data/tagAligns/ENCFF647TLU.tagAlign.gz	/scratch/groups/engreitz/Users/kmualim/ABC_data/tagAligns/ENCFF430ORU.se.tagAlign.gz	/scratch/groups/engreitz/Users/kmualim/BenchmarkingPipeline_resources/narrowPeak_files/ENCFF473OCC.bed.gz.sorted	/scratch/groups/engreitz/Users/kmualim/BenchmarkingPipeline_resources/narrowPeak_files/ENCFF441AHV.bed.gz.sorted	tibial_nerve_ENCFF647TLU_ENCFF430ORU	/oak/stanford/groups/akundaje/kmualim/02212022_hg38Preds_QNORM-avg_hic_track2/tibial_nerve_ENCFF647TLU_ENCFF430ORU/Predictions/EnhancerPredictionsAllPutative.txt.gz	/oak/stanford/groups/akundaje/kmualim/02212022_hg38Preds_QNORM-avg_hic_track1/tibial_nerve_ENCFF647TLU_ENCFF430ORU/Peaks/macs2_peaks.narrowPeak.sorted.candidateRegions.bed
transverse_colon_ID_2733	/scratch/groups/engreitz/Users/kmualim/ABC_data/tagAligns/ENCFF568ZEU.tagAlign.gz	/scratch/groups/engreitz/Users/kmualim/ABC_data/tagAligns/ENCFF288SBC.se.tagAlign.gz	/scratch/groups/engreitz/Users/kmualim/BenchmarkingPipeline_resources/narrowPeak_files/ENCFF903UTH.bed.gz.sorted	/scratch/groups/engreitz/Users/kmualim/BenchmarkingPipeline_resources/narrowPeak_files/ENCFF855RYZ.bed.gz.sorted,/scratch/groups/engreitz/Users/kmualim/BenchmarkingPipeline_resources/narrowPeak_files/ENCFF142COP.bed.gz.sorted,/scratch/groups/engreitz/Users/kmualim/BenchmarkingPipeline_resources/narrowPeak_files/ENCFF488MML.bed.gz.sorted	transverse_colon_ENCFF568ZEU_ENCFF650EYC_ENCFF991EWH_ENCFF288SBC_ENCFF735OJF_ENCFF318BCO_ENCFF127ZKN	/oak/stanford/groups/akundaje/kmualim/02212022_hg38Preds_QNORM-avg_hic_track2/transverse_colon_ENCFF568ZEU_ENCFF650EYC_ENCFF991EWH_ENCFF288SBC_ENCFF735OJF_ENCFF318BCO_ENCFF127ZKN/Predictions/EnhancerPredictionsAllPutative.txt.gz	/oak/stanford/groups/akundaje/kmualim/02212022_hg38Preds_QNORM-avg_hic_track1/transverse_colon_ENCFF568ZEU_ENCFF650EYC_ENCFF991EWH_ENCFF288SBC_ENCFF735OJF_ENCFF318BCO_ENCFF127ZKN/Peaks/macs2_peaks.narrowPeak.sorted.candidateRegions.bed
trophoblast_cell_ID_2596	/scratch/groups/engreitz/Users/kmualim/ABC_data/tagAligns/ENCFF139OOY.tagAlign.gz	/scratch/groups/engreitz/Users/kmualim/ABC_data/tagAligns/ENCFF102QDE.se.tagAlign.gz	/scratch/groups/engreitz/Users/kmualim/BenchmarkingPipeline_resources/narrowPeak_files/ENCFF031MLU.bed.gz.sorted	/scratch/groups/engreitz/Users/kmualim/BenchmarkingPipeline_resources/narrowPeak_files/ENCFF413BYK.bed.gz.sorted,/scratch/groups/engreitz/Users/kmualim/BenchmarkingPipeline_resources/narrowPeak_files/ENCFF407PJQ.bed.gz.sorted,/scratch/groups/engreitz/Users/kmualim/BenchmarkingPipeline_resources/narrowPeak_files/ENCFF071VEB.bed.gz.sorted	trophoblast_cell_ENCFF139OOY_ENCFF235GOT_ENCFF102QDE	/oak/stanford/groups/akundaje/kmualim/02212022_hg38Preds_QNORM-avg_hic_track2/trophoblast_cell_ENCFF139OOY_ENCFF235GOT_ENCFF102QDE/Predictions/EnhancerPredictionsAllPutative.txt.gz	/oak/stanford/groups/akundaje/kmualim/02212022_hg38Preds_QNORM-avg_hic_track1/trophoblast_cell_ENCFF139OOY_ENCFF235GOT_ENCFF102QDE/Peaks/macs2_peaks.narrowPeak.sorted.candidateRegions.bed
upper_lobe_of_left_lung_ID_2310	/scratch/groups/engreitz/Users/kmualim/ABC_data/tagAligns/ENCFF824KSF.tagAlign.gz	/scratch/groups/engreitz/Users/kmualim/ABC_data/tagAligns/ENCFF325LKK.se.tagAlign.gz	/scratch/groups/engreitz/Users/kmualim/BenchmarkingPipeline_resources/narrowPeak_files/ENCFF751WMO.bed.gz.sorted	/scratch/groups/engreitz/Users/kmualim/BenchmarkingPipeline_resources/narrowPeak_files/ENCFF882VLE.bed.gz.sorted	upper_lobe_of_left_lung_ENCFF824KSF_ENCFF125WQU_ENCFF557TCY_ENCFF231SIZ_ENCFF006JWD_ENCFF909FQD_ENCFF467XLG_ENCFF325LKK_ENCFF403RPA_ENCFF637XGS_ENCFF201IPM	/oak/stanford/groups/akundaje/kmualim/02212022_hg38Preds_QNORM-avg_hic_track2/upper_lobe_of_left_lung_ENCFF824KSF_ENCFF125WQU_ENCFF557TCY_ENCFF231SIZ_ENCFF006JWD_ENCFF909FQD_ENCFF467XLG_ENCFF325LKK_ENCFF403RPA_ENCFF637XGS_ENCFF201IPM/Predictions/EnhancerPredictionsAllPutative.txt.gz	/oak/stanford/groups/akundaje/kmualim/02212022_hg38Preds_QNORM-avg_hic_track1/upper_lobe_of_left_lung_ENCFF824KSF_ENCFF125WQU_ENCFF557TCY_ENCFF231SIZ_ENCFF006JWD_ENCFF909FQD_ENCFF467XLG_ENCFF325LKK_ENCFF403RPA_ENCFF637XGS_ENCFF201IPM/Peaks/macs2_peaks.narrowPeak.sorted.candidateRegions.bed
uterus_ID_2745	/scratch/groups/engreitz/Users/kmualim/ABC_data/tagAligns/ENCFF130PVC.tagAlign.gz	/scratch/groups/engreitz/Users/kmualim/ABC_data/tagAligns/ENCFF103IKL.se.tagAlign.gz	/scratch/groups/engreitz/Users/kmualim/BenchmarkingPipeline_resources/narrowPeak_files/ENCFF172RDE.bed.gz.sorted	/scratch/groups/engreitz/Users/kmualim/BenchmarkingPipeline_resources/narrowPeak_files/ENCFF650ZDY.bed.gz.sorted,/scratch/groups/engreitz/Users/kmualim/BenchmarkingPipeline_resources/narrowPeak_files/ENCFF894LVT.bed.gz.sorted,/scratch/groups/engreitz/Users/kmualim/BenchmarkingPipeline_resources/narrowPeak_files/ENCFF415ZLV.bed.gz.sorted	uterus_ENCFF130PVC_ENCFF103IKL	/oak/stanford/groups/akundaje/kmualim/02212022_hg38Preds_QNORM-avg_hic_track2/uterus_ENCFF130PVC_ENCFF103IKL/Predictions/EnhancerPredictionsAllPutative.txt.gz	/oak/stanford/groups/akundaje/kmualim/02212022_hg38Preds_QNORM-avg_hic_track1/uterus_ENCFF130PVC_ENCFF103IKL/Peaks/macs2_peaks.narrowPeak.sorted.candidateRegions.bed
WERI-Rb-1_ID_2137	/scratch/groups/engreitz/Users/kmualim/ABC_data/tagAligns/ENCFF639GFQ.se.tagAlign.gz	/scratch/groups/engreitz/Users/kmualim/ABC_data/tagAligns/ENCFF463ZHF.tagAlign.gz,/scratch/groups/engreitz/Users/kmualim/ABC_data/tagAligns/ENCFF574GEM.tagAlign.gz	/scratch/groups/engreitz/Users/kmualim/BenchmarkingPipeline_resources/narrowPeak_files/ENCFF742TFP.bed.gz.sorted,/scratch/groups/engreitz/Users/kmualim/BenchmarkingPipeline_resources/narrowPeak_files/ENCFF382VDY.bed.gz.sorted	/scratch/groups/engreitz/Users/kmualim/BenchmarkingPipeline_resources/narrowPeak_files/ENCFF166CCJ.bed.gz.sorted,/scratch/groups/engreitz/Users/kmualim/BenchmarkingPipeline_resources/narrowPeak_files/ENCFF182WFV.bed.gz.sorted,/scratch/groups/engreitz/Users/kmualim/BenchmarkingPipeline_resources/narrowPeak_files/ENCFF438QMW.bed.gz.sorted	WERI-Rb-1_ENCFF639GFQ_ENCFF463ZHF_ENCFF574GEM	/oak/stanford/groups/akundaje/kmualim/02212022_hg38Preds_QNORM-avg_hic_track2/WERI-Rb-1_ENCFF639GFQ_ENCFF463ZHF_ENCFF574GEM/Predictions/EnhancerPredictionsAllPutative.txt.gz	/oak/stanford/groups/akundaje/kmualim/02212022_hg38Preds_QNORM-avg_hic_track1/WERI-Rb-1_ENCFF639GFQ_ENCFF463ZHF_ENCFF574GEM/Peaks/macs2_peaks.narrowPeak.sorted.candidateRegions.bed
