astrocyte_ENCFF639ETA_ENCFF598ILH	/scratch/groups/engreitz/Users/kmualim/ABC_data/ENCFF639ETA.bam	/scratch/groups/engreitz/Users/kmualim/ABC_data/ENCFF598ILH.bam
osteocyte_ENCFF039RUP_ENCFF914EPB	/scratch/groups/engreitz/Users/kmualim/ABC_data/ENCFF039RUP.bam	/scratch/groups/engreitz/Users/kmualim/ABC_data/ENCFF914EPB.bam
H9_ENCFF244JVV_ENCFF120QUD_ENCFF488DMM	/scratch/groups/engreitz/Users/kmualim/ABC_data/ENCFF244JVV.bam	/scratch/groups/engreitz/Users/kmualim/ABC_data/ENCFF120QUD.bam,/scratch/groups/engreitz/Users/kmualim/ABC_data/ENCFF488DMM.bam
mesothelial_cell_of_epicardium_ENCFF437GFL_ENCFF031GZJ_ENCFF022KNL	/scratch/groups/engreitz/Users/kmualim/ABC_data/ENCFF437GFL.bam	/scratch/groups/engreitz/Users/kmualim/ABC_data/ENCFF031GZJ.bam,/scratch/groups/engreitz/Users/kmualim/ABC_data/ENCFF022KNL.bam
type_B_pancreatic_cell_ENCFF843AJO_ENCFF859GJF_ENCFF471QHK	/scratch/groups/engreitz/Users/kmualim/ABC_data/ENCFF843AJO.bam	/scratch/groups/engreitz/Users/kmualim/ABC_data/ENCFF859GJF.bam,/scratch/groups/engreitz/Users/kmualim/ABC_data/ENCFF471QHK.bam
progenitor_cell_of_endocrine_pancreas_ENCFF008WMZ_ENCFF325JQL_ENCFF351PLK	/scratch/groups/engreitz/Users/kmualim/ABC_data/ENCFF008WMZ.bam	/scratch/groups/engreitz/Users/kmualim/ABC_data/ENCFF325JQL.bam,/scratch/groups/engreitz/Users/kmualim/ABC_data/ENCFF351PLK.bam
HepG2_ENCFF839SPF_ENCFF474LSZ_ENCFF268MFV_ENCFF339MLY	/scratch/groups/engreitz/Users/kmualim/ABC_data/ENCFF839SPF.bam,/scratch/groups/engreitz/Users/kmualim/ABC_data/ENCFF474LSZ.bam	/oak/stanford/groups/engreitz/Users/kmualim/ABC_data/ENCFF268MFV.se.bam,/oak/stanford/groups/engreitz/Users/kmualim/ABC_data/ENCFF339MLY.se.bam
GM23338_ENCFF376XJI_ENCFF097PLY_ENCFF629GRB	/scratch/groups/engreitz/Users/kmualim/ABC_data/ENCFF376XJI.bam	/scratch/groups/engreitz/Users/kmualim/ABC_data/ENCFF097PLY.bam,/scratch/groups/engreitz/Users/kmualim/ABC_data/ENCFF629GRB.bam
brain_ENCFF424NSY_ENCFF301SDB_ENCFF812IIT_ENCFF952NSM	/scratch/groups/engreitz/Users/kmualim/ABC_data/ENCFF424NSY.bam	/scratch/groups/engreitz/Users/kmualim/ABC_data/ENCFF301SDB.bam,/scratch/groups/engreitz/Users/kmualim/ABC_data/ENCFF812IIT.bam,/scratch/groups/engreitz/Users/kmualim/ABC_data/ENCFF952NSM.bam
naive_thymus-derived_CD4-positive__alpha-beta_T_cell_ENCFF772JPZ_ENCFF150NVR	/scratch/groups/engreitz/Users/kmualim/ABC_data/ENCFF772JPZ.bam	/scratch/groups/engreitz/Users/kmualim/ABC_data/ENCFF150NVR.bam
brain_ENCFF786YZF_ENCFF509TYJ_ENCFF653FUO_ENCFF169UBH	/scratch/groups/engreitz/Users/kmualim/ABC_data/ENCFF786YZF.bam	/scratch/groups/engreitz/Users/kmualim/ABC_data/ENCFF509TYJ.bam,/scratch/groups/engreitz/Users/kmualim/ABC_data/ENCFF653FUO.bam,/scratch/groups/engreitz/Users/kmualim/ABC_data/ENCFF169UBH.bam
naive_thymus-derived_CD8-positive__alpha-beta_T_cell_ENCFF054KSC_ENCFF061HRE	/scratch/groups/engreitz/Users/kmualim/ABC_data/ENCFF054KSC.bam	/scratch/groups/engreitz/Users/kmualim/ABC_data/ENCFF061HRE.bam
naive_B_cell_ENCFF677UZD_ENCFF326LXU	/scratch/groups/engreitz/Users/kmualim/ABC_data/ENCFF677UZD.bam	/scratch/groups/engreitz/Users/kmualim/ABC_data/ENCFF326LXU.bam
middle_frontal_area_46_ENCFF418AJG_ENCFF963BIA	/scratch/groups/engreitz/Users/kmualim/ABC_data/ENCFF418AJG.bam	/oak/stanford/groups/engreitz/Users/kmualim/ABC_data/ENCFF963BIA.se.bam
middle_frontal_area_46_ENCFF502IOV_ENCFF485MOL	/scratch/groups/engreitz/Users/kmualim/ABC_data/ENCFF502IOV.bam	/oak/stanford/groups/engreitz/Users/kmualim/ABC_data/ENCFF485MOL.se.bam
naive_B_cell_ENCFF052ZPU_ENCFF655WZY	/scratch/groups/engreitz/Users/kmualim/ABC_data/ENCFF052ZPU.bam	/scratch/groups/engreitz/Users/kmualim/ABC_data/ENCFF655WZY.bam
immature_natural_killer_cell_ENCFF404EOG_ENCFF351WZE	/scratch/groups/engreitz/Users/kmualim/ABC_data/ENCFF404EOG.bam	/scratch/groups/engreitz/Users/kmualim/ABC_data/ENCFF351WZE.bam
immature_natural_killer_cell_ENCFF223ULN_ENCFF438VBH	/scratch/groups/engreitz/Users/kmualim/ABC_data/ENCFF223ULN.bam	/scratch/groups/engreitz/Users/kmualim/ABC_data/ENCFF438VBH.bam
middle_frontal_area_46_ENCFF189NCP_ENCFF388JHX	/scratch/groups/engreitz/Users/kmualim/ABC_data/ENCFF189NCP.bam	/oak/stanford/groups/engreitz/Users/kmualim/ABC_data/ENCFF388JHX.se.bam
middle_frontal_area_46_ENCFF116NUQ_ENCFF569FYQ	/scratch/groups/engreitz/Users/kmualim/ABC_data/ENCFF116NUQ.bam	/oak/stanford/groups/engreitz/Users/kmualim/ABC_data/ENCFF569FYQ.se.bam
endodermal_cell_ENCFF953MMX_ENCFF614ICI	/scratch/groups/engreitz/Users/kmualim/ABC_data/ENCFF953MMX.bam	/scratch/groups/engreitz/Users/kmualim/ABC_data/ENCFF614ICI.bam
CD4-positive__alpha-beta_memory_T_cell_ENCFF714KUG_ENCFF673UVU	/scratch/groups/engreitz/Users/kmualim/ABC_data/ENCFF714KUG.bam	/scratch/groups/engreitz/Users/kmualim/ABC_data/ENCFF673UVU.bam
T-helper_2_cell_ENCFF966RTN_ENCFF811OUP	/scratch/groups/engreitz/Users/kmualim/ABC_data/ENCFF966RTN.bam	/scratch/groups/engreitz/Users/kmualim/ABC_data/ENCFF811OUP.bam
natural_killer_cell_ENCFF684DLJ_ENCFF058HVR	/scratch/groups/engreitz/Users/kmualim/ABC_data/ENCFF684DLJ.bam	/scratch/groups/engreitz/Users/kmualim/ABC_data/ENCFF058HVR.bam
naive_thymus-derived_CD4-positive__alpha-beta_T_cell_ENCFF441XFT_ENCFF690JCF	/scratch/groups/engreitz/Users/kmualim/ABC_data/ENCFF441XFT.bam	/scratch/groups/engreitz/Users/kmualim/ABC_data/ENCFF690JCF.bam
middle_frontal_area_46_ENCFF277BCT_ENCFF599FZY	/scratch/groups/engreitz/Users/kmualim/ABC_data/ENCFF277BCT.bam	/oak/stanford/groups/engreitz/Users/kmualim/ABC_data/ENCFF599FZY.se.bam
naive_thymus-derived_CD8-positive__alpha-beta_T_cell_ENCFF114KWN_ENCFF758LOZ	/scratch/groups/engreitz/Users/kmualim/ABC_data/ENCFF114KWN.bam	/scratch/groups/engreitz/Users/kmualim/ABC_data/ENCFF758LOZ.bam
naive_thymus-derived_CD4-positive__alpha-beta_T_cell_ENCFF900TQP_ENCFF037ARS	/scratch/groups/engreitz/Users/kmualim/ABC_data/ENCFF900TQP.bam	/scratch/groups/engreitz/Users/kmualim/ABC_data/ENCFF037ARS.bam
middle_frontal_area_46_ENCFF508VVI_ENCFF236HAI	/scratch/groups/engreitz/Users/kmualim/ABC_data/ENCFF508VVI.bam	/oak/stanford/groups/engreitz/Users/kmualim/ABC_data/ENCFF236HAI.se.bam
naive_thymus-derived_CD8-positive__alpha-beta_T_cell_ENCFF397TGY_ENCFF389RAN	/scratch/groups/engreitz/Users/kmualim/ABC_data/ENCFF397TGY.bam	/scratch/groups/engreitz/Users/kmualim/ABC_data/ENCFF389RAN.bam
naive_B_cell_ENCFF528VKG_ENCFF793MTG	/scratch/groups/engreitz/Users/kmualim/ABC_data/ENCFF528VKG.bam	/scratch/groups/engreitz/Users/kmualim/ABC_data/ENCFF793MTG.bam
middle_frontal_area_46_ENCFF639BBF_ENCFF177HWC	/scratch/groups/engreitz/Users/kmualim/ABC_data/ENCFF639BBF.bam	/oak/stanford/groups/engreitz/Users/kmualim/ABC_data/ENCFF177HWC.se.bam
middle_frontal_area_46_ENCFF615RWO_ENCFF155CUR	/scratch/groups/engreitz/Users/kmualim/ABC_data/ENCFF615RWO.bam	/oak/stanford/groups/engreitz/Users/kmualim/ABC_data/ENCFF155CUR.se.bam
MCF_10A_ENCFF416UGH_ENCFF074XGA	/oak/stanford/groups/engreitz/Users/kmualim/ABC_data/ENCFF416UGH.se.bam	/scratch/groups/engreitz/Users/kmualim/ABC_data/ENCFF074XGA.bam
stimulated_activated_CD4-positive__alpha-beta_T_cell_ENCFF516AFP_ENCFF474UCU	/scratch/groups/engreitz/Users/kmualim/ABC_data/ENCFF516AFP.bam	/scratch/groups/engreitz/Users/kmualim/ABC_data/ENCFF474UCU.bam
stimulated_activated_CD4-positive__alpha-beta_memory_T_cell_ENCFF417SCC_ENCFF793SSU	/scratch/groups/engreitz/Users/kmualim/ABC_data/ENCFF417SCC.bam	/scratch/groups/engreitz/Users/kmualim/ABC_data/ENCFF793SSU.bam
activated_B_cell_ENCFF855BXL_ENCFF241BPW	/scratch/groups/engreitz/Users/kmualim/ABC_data/ENCFF855BXL.bam	/scratch/groups/engreitz/Users/kmualim/ABC_data/ENCFF241BPW.bam
activated_T-helper_1_cell_ENCFF528SLH_ENCFF255ZKB	/scratch/groups/engreitz/Users/kmualim/ABC_data/ENCFF528SLH.bam	/scratch/groups/engreitz/Users/kmualim/ABC_data/ENCFF255ZKB.bam
heart_right_ventricle_ENCFF850ISE_ENCFF808PXN	/scratch/groups/engreitz/Users/kmualim/ABC_data/ENCFF850ISE.bam	/oak/stanford/groups/engreitz/Users/kmualim/ABC_data/ENCFF808PXN.se.bam
vagina_ENCFF552WGU_ENCFF517WHC_ENCFF985ZIF	/scratch/groups/engreitz/Users/kmualim/ABC_data/ENCFF552WGU.bam	/oak/stanford/groups/engreitz/Users/kmualim/ABC_data/ENCFF517WHC.se.bam,/oak/stanford/groups/engreitz/Users/kmualim/ABC_data/ENCFF985ZIF.se.bam
stomach_ENCFF089RAR_ENCFF534LPZ	/scratch/groups/engreitz/Users/kmualim/ABC_data/ENCFF089RAR.bam	/oak/stanford/groups/engreitz/Users/kmualim/ABC_data/ENCFF534LPZ.se.bam
heart_right_ventricle_ENCFF803BUE_ENCFF628NSZ	/scratch/groups/engreitz/Users/kmualim/ABC_data/ENCFF803BUE.bam	/oak/stanford/groups/engreitz/Users/kmualim/ABC_data/ENCFF628NSZ.se.bam
common_myeloid_progenitor__CD34-positive_ENCFF971TCE_ENCFF628NSZ	/oak/stanford/groups/engreitz/Users/kmualim/ABC_data/ENCFF971TCE.se.bam	/oak/stanford/groups/engreitz/Users/kmualim/ABC_data/ENCFF628NSZ.se.bam
stimulated_activated_naive_CD4-positive__alpha-beta_T_cell_ENCFF410YVW_ENCFF057WBT	/scratch/groups/engreitz/Users/kmualim/ABC_data/ENCFF410YVW.bam	/scratch/groups/engreitz/Users/kmualim/ABC_data/ENCFF057WBT.bam
adrenal_gland_ENCFF208SNA_ENCFF386PAQ_ENCFF582HEQ	/scratch/groups/engreitz/Users/kmualim/ABC_data/ENCFF208SNA.bam	/oak/stanford/groups/engreitz/Users/kmualim/ABC_data/ENCFF386PAQ.se.bam,/oak/stanford/groups/engreitz/Users/kmualim/ABC_data/ENCFF582HEQ.se.bam
activated_naive_CD4-positive__alpha-beta_T_cell_ENCFF030PNE_ENCFF122FGV	/scratch/groups/engreitz/Users/kmualim/ABC_data/ENCFF030PNE.bam	/scratch/groups/engreitz/Users/kmualim/ABC_data/ENCFF122FGV.bam
central_memory_CD8-positive__alpha-beta_T_cell_ENCFF500RTP_ENCFF870CBD	/scratch/groups/engreitz/Users/kmualim/ABC_data/ENCFF500RTP.bam	/scratch/groups/engreitz/Users/kmualim/ABC_data/ENCFF870CBD.bam
vagina_ENCFF564NGR_ENCFF478NYL	/scratch/groups/engreitz/Users/kmualim/ABC_data/ENCFF564NGR.bam	/oak/stanford/groups/engreitz/Users/kmualim/ABC_data/ENCFF478NYL.se.bam
heart_left_ventricle_ENCFF533LLW_ENCFF977RSS	/scratch/groups/engreitz/Users/kmualim/ABC_data/ENCFF533LLW.bam	/oak/stanford/groups/engreitz/Users/kmualim/ABC_data/ENCFF977RSS.se.bam
naive_thymus-derived_CD4-positive__alpha-beta_T_cell_ENCFF865DML_ENCFF864NOZ	/scratch/groups/engreitz/Users/kmualim/ABC_data/ENCFF865DML.bam	/scratch/groups/engreitz/Users/kmualim/ABC_data/ENCFF864NOZ.bam
naive_B_cell_ENCFF078AUZ_ENCFF993DJI	/scratch/groups/engreitz/Users/kmualim/ABC_data/ENCFF078AUZ.bam	/scratch/groups/engreitz/Users/kmualim/ABC_data/ENCFF993DJI.bam
naive_thymus-derived_CD4-positive__alpha-beta_T_cell_ENCFF653TPH_ENCFF389IWN	/scratch/groups/engreitz/Users/kmualim/ABC_data/ENCFF653TPH.bam	/scratch/groups/engreitz/Users/kmualim/ABC_data/ENCFF389IWN.bam
testis_ENCFF867KYD_ENCFF787ZCO	/scratch/groups/engreitz/Users/kmualim/ABC_data/ENCFF867KYD.bam	/oak/stanford/groups/engreitz/Users/kmualim/ABC_data/ENCFF787ZCO.se.bam
middle_frontal_area_46_ENCFF525DQO_ENCFF246HAG	/scratch/groups/engreitz/Users/kmualim/ABC_data/ENCFF525DQO.bam	/oak/stanford/groups/engreitz/Users/kmualim/ABC_data/ENCFF246HAG.se.bam
middle_frontal_area_46_ENCFF505OFL_ENCFF274DUO	/scratch/groups/engreitz/Users/kmualim/ABC_data/ENCFF505OFL.bam	/oak/stanford/groups/engreitz/Users/kmualim/ABC_data/ENCFF274DUO.se.bam
middle_frontal_area_46_ENCFF397NNU_ENCFF020ZKE	/scratch/groups/engreitz/Users/kmualim/ABC_data/ENCFF397NNU.bam	/oak/stanford/groups/engreitz/Users/kmualim/ABC_data/ENCFF020ZKE.se.bam
heart_left_ventricle_ENCFF221NLC_ENCFF828CXJ	/scratch/groups/engreitz/Users/kmualim/ABC_data/ENCFF221NLC.bam	/oak/stanford/groups/engreitz/Users/kmualim/ABC_data/ENCFF828CXJ.se.bam
naive_thymus-derived_CD4-positive__alpha-beta_T_cell_ENCFF189WRG_ENCFF948KZG	/scratch/groups/engreitz/Users/kmualim/ABC_data/ENCFF189WRG.bam	/scratch/groups/engreitz/Users/kmualim/ABC_data/ENCFF948KZG.bam
activated_CD4-positive__alpha-beta_T_cell_ENCFF474YVS_ENCFF709COW	/scratch/groups/engreitz/Users/kmualim/ABC_data/ENCFF474YVS.bam	/scratch/groups/engreitz/Users/kmualim/ABC_data/ENCFF709COW.bam
heart_right_ventricle_ENCFF287TWO_ENCFF473ZLC	/scratch/groups/engreitz/Users/kmualim/ABC_data/ENCFF287TWO.bam	/oak/stanford/groups/engreitz/Users/kmualim/ABC_data/ENCFF473ZLC.se.bam
naive_B_cell_ENCFF967UEJ_ENCFF375NZT	/scratch/groups/engreitz/Users/kmualim/ABC_data/ENCFF967UEJ.bam	/scratch/groups/engreitz/Users/kmualim/ABC_data/ENCFF375NZT.bam
CD4-positive__alpha-beta_T_cell_ENCFF916EGX_ENCFF448HBZ	/scratch/groups/engreitz/Users/kmualim/ABC_data/ENCFF916EGX.bam	/scratch/groups/engreitz/Users/kmualim/ABC_data/ENCFF448HBZ.bam
middle_frontal_area_46_ENCFF727AGR_ENCFF478VAA	/scratch/groups/engreitz/Users/kmualim/ABC_data/ENCFF727AGR.bam	/oak/stanford/groups/engreitz/Users/kmualim/ABC_data/ENCFF478VAA.se.bam
middle_frontal_area_46_ENCFF990EJE_ENCFF836AQI	/scratch/groups/engreitz/Users/kmualim/ABC_data/ENCFF990EJE.bam	/oak/stanford/groups/engreitz/Users/kmualim/ABC_data/ENCFF836AQI.se.bam
middle_frontal_area_46_ENCFF608CVY_ENCFF312DIC	/scratch/groups/engreitz/Users/kmualim/ABC_data/ENCFF608CVY.bam	/oak/stanford/groups/engreitz/Users/kmualim/ABC_data/ENCFF312DIC.se.bam
middle_frontal_area_46_ENCFF143UWH_ENCFF226LGP	/scratch/groups/engreitz/Users/kmualim/ABC_data/ENCFF143UWH.bam	/oak/stanford/groups/engreitz/Users/kmualim/ABC_data/ENCFF226LGP.se.bam
middle_frontal_area_46_ENCFF958AIS_ENCFF794AVJ	/scratch/groups/engreitz/Users/kmualim/ABC_data/ENCFF958AIS.bam	/oak/stanford/groups/engreitz/Users/kmualim/ABC_data/ENCFF794AVJ.se.bam
activated_T-helper_2_cell_ENCFF612MMX_ENCFF075MLB	/scratch/groups/engreitz/Users/kmualim/ABC_data/ENCFF612MMX.bam	/scratch/groups/engreitz/Users/kmualim/ABC_data/ENCFF075MLB.bam
sigmoid_colon_ENCFF596CQL_ENCFF833FDB	/scratch/groups/engreitz/Users/kmualim/ABC_data/ENCFF596CQL.bam	/oak/stanford/groups/engreitz/Users/kmualim/ABC_data/ENCFF833FDB.se.bam
middle_frontal_area_46_ENCFF669HSH_ENCFF573QTK	/scratch/groups/engreitz/Users/kmualim/ABC_data/ENCFF669HSH.bam	/oak/stanford/groups/engreitz/Users/kmualim/ABC_data/ENCFF573QTK.se.bam
CD4-positive__alpha-beta_memory_T_cell_ENCFF827CMG_ENCFF648XHV	/scratch/groups/engreitz/Users/kmualim/ABC_data/ENCFF827CMG.bam	/scratch/groups/engreitz/Users/kmualim/ABC_data/ENCFF648XHV.bam
middle_frontal_area_46_ENCFF211LAD_ENCFF677PBK	/scratch/groups/engreitz/Users/kmualim/ABC_data/ENCFF211LAD.bam	/oak/stanford/groups/engreitz/Users/kmualim/ABC_data/ENCFF677PBK.se.bam
middle_frontal_area_46_ENCFF617VLY_ENCFF560KBB	/scratch/groups/engreitz/Users/kmualim/ABC_data/ENCFF617VLY.bam	/oak/stanford/groups/engreitz/Users/kmualim/ABC_data/ENCFF560KBB.se.bam
naive_thymus-derived_CD4-positive__alpha-beta_T_cell_ENCFF797SND_ENCFF924FIM	/scratch/groups/engreitz/Users/kmualim/ABC_data/ENCFF797SND.bam	/scratch/groups/engreitz/Users/kmualim/ABC_data/ENCFF924FIM.bam
CD4-positive__alpha-beta_memory_T_cell_ENCFF740KCH_ENCFF062CNF	/scratch/groups/engreitz/Users/kmualim/ABC_data/ENCFF740KCH.bam	/scratch/groups/engreitz/Users/kmualim/ABC_data/ENCFF062CNF.bam
CD4-positive__alpha-beta_memory_T_cell_ENCFF686VLF_ENCFF193FFF	/scratch/groups/engreitz/Users/kmualim/ABC_data/ENCFF686VLF.bam	/scratch/groups/engreitz/Users/kmualim/ABC_data/ENCFF193FFF.bam
foreskin_melanocyte_ENCFF768NBD_ENCFF193FFF	/oak/stanford/groups/engreitz/Users/kmualim/ABC_data/ENCFF768NBD.se.bam	/scratch/groups/engreitz/Users/kmualim/ABC_data/ENCFF193FFF.bam
colonic_mucosa_ENCFF018RLE_ENCFF282AQV	/scratch/groups/engreitz/Users/kmualim/ABC_data/ENCFF018RLE.bam	/oak/stanford/groups/engreitz/Users/kmualim/ABC_data/ENCFF282AQV.se.bam
CD8-positive__alpha-beta_memory_T_cell_ENCFF765ILT_ENCFF980FGT	/scratch/groups/engreitz/Users/kmualim/ABC_data/ENCFF765ILT.bam	/scratch/groups/engreitz/Users/kmualim/ABC_data/ENCFF980FGT.bam
naive_thymus-derived_CD4-positive__alpha-beta_T_cell_ENCFF995UVE_ENCFF186YIU	/scratch/groups/engreitz/Users/kmualim/ABC_data/ENCFF995UVE.bam	/scratch/groups/engreitz/Users/kmualim/ABC_data/ENCFF186YIU.bam
immature_natural_killer_cell_ENCFF799DXW_ENCFF045WIQ	/scratch/groups/engreitz/Users/kmualim/ABC_data/ENCFF799DXW.bam	/scratch/groups/engreitz/Users/kmualim/ABC_data/ENCFF045WIQ.bam
naive_B_cell_ENCFF840FIU_ENCFF808SRS	/scratch/groups/engreitz/Users/kmualim/ABC_data/ENCFF840FIU.bam	/scratch/groups/engreitz/Users/kmualim/ABC_data/ENCFF808SRS.bam
right_atrium_auricular_region_ENCFF387JZG_ENCFF762IQT_ENCFF313PLK	/scratch/groups/engreitz/Users/kmualim/ABC_data/ENCFF387JZG.bam	/oak/stanford/groups/engreitz/Users/kmualim/ABC_data/ENCFF762IQT.se.bam,/oak/stanford/groups/engreitz/Users/kmualim/ABC_data/ENCFF313PLK.se.bam
effector_memory_CD8-positive__alpha-beta_T_cell_ENCFF305GMO_ENCFF817JGP	/scratch/groups/engreitz/Users/kmualim/ABC_data/ENCFF305GMO.bam	/scratch/groups/engreitz/Users/kmualim/ABC_data/ENCFF817JGP.bam
HCT116_ENCFF625QWI_ENCFF604GHJ	/scratch/groups/engreitz/Users/kmualim/ABC_data/ENCFF625QWI.bam	/scratch/groups/engreitz/Users/kmualim/ABC_data/ENCFF604GHJ.bam
HCT116_ENCFF801KAM_ENCFF019LJN	/scratch/groups/engreitz/Users/kmualim/ABC_data/ENCFF801KAM.bam	/scratch/groups/engreitz/Users/kmualim/ABC_data/ENCFF019LJN.bam
stomach_ENCFF815LKJ_ENCFF529CEI	/oak/stanford/groups/engreitz/Users/kmualim/ABC_data/ENCFF815LKJ.se.bam	/oak/stanford/groups/engreitz/Users/kmualim/ABC_data/ENCFF529CEI.se.bam
HCT116_ENCFF523QDP_ENCFF962ZRN	/scratch/groups/engreitz/Users/kmualim/ABC_data/ENCFF523QDP.bam	/scratch/groups/engreitz/Users/kmualim/ABC_data/ENCFF962ZRN.bam
HCT116_ENCFF749NBS_ENCFF623EKE	/scratch/groups/engreitz/Users/kmualim/ABC_data/ENCFF749NBS.bam	/scratch/groups/engreitz/Users/kmualim/ABC_data/ENCFF623EKE.bam
HCT116_ENCFF091EIA_ENCFF124LOP	/scratch/groups/engreitz/Users/kmualim/ABC_data/ENCFF091EIA.bam	/scratch/groups/engreitz/Users/kmualim/ABC_data/ENCFF124LOP.bam
foreskin_fibroblast_ENCFF598YNL_ENCFF124LOP	/oak/stanford/groups/engreitz/Users/kmualim/ABC_data/ENCFF598YNL.se.bam	/scratch/groups/engreitz/Users/kmualim/ABC_data/ENCFF124LOP.bam
esophagus_squamous_epithelium_ENCFF104MIA_ENCFF561WBS	/scratch/groups/engreitz/Users/kmualim/ABC_data/ENCFF104MIA.bam	/oak/stanford/groups/engreitz/Users/kmualim/ABC_data/ENCFF561WBS.se.bam
tibial_nerve_ENCFF680PST_ENCFF216XWX	/scratch/groups/engreitz/Users/kmualim/ABC_data/ENCFF680PST.bam	/oak/stanford/groups/engreitz/Users/kmualim/ABC_data/ENCFF216XWX.se.bam
stimulated_activated_CD8-positive__alpha-beta_memory_T_cell_ENCFF030WUI_ENCFF212BSZ	/scratch/groups/engreitz/Users/kmualim/ABC_data/ENCFF030WUI.bam	/scratch/groups/engreitz/Users/kmualim/ABC_data/ENCFF212BSZ.bam
natural_killer_cell_ENCFF506IQQ_ENCFF608KEW	/oak/stanford/groups/engreitz/Users/kmualim/ABC_data/ENCFF506IQQ.se.bam	/oak/stanford/groups/engreitz/Users/kmualim/ABC_data/ENCFF608KEW.se.bam
foreskin_fibroblast_ENCFF487RHE_ENCFF608KEW	/oak/stanford/groups/engreitz/Users/kmualim/ABC_data/ENCFF487RHE.se.bam	/oak/stanford/groups/engreitz/Users/kmualim/ABC_data/ENCFF608KEW.se.bam
heart_left_ventricle_ENCFF154ILG_ENCFF029DPV	/scratch/groups/engreitz/Users/kmualim/ABC_data/ENCFF154ILG.bam	/oak/stanford/groups/engreitz/Users/kmualim/ABC_data/ENCFF029DPV.se.bam
activated_CD4-positive__alpha-beta_memory_T_cell_ENCFF996KZH_ENCFF402FAN	/scratch/groups/engreitz/Users/kmualim/ABC_data/ENCFF996KZH.bam	/scratch/groups/engreitz/Users/kmualim/ABC_data/ENCFF402FAN.bam
CD8-positive__alpha-beta_T_cell_ENCFF432ZTH_ENCFF438HLV	/scratch/groups/engreitz/Users/kmualim/ABC_data/ENCFF432ZTH.bam	/scratch/groups/engreitz/Users/kmualim/ABC_data/ENCFF438HLV.bam
naive_thymus-derived_CD8-positive__alpha-beta_T_cell_ENCFF906TID_ENCFF053OVW	/scratch/groups/engreitz/Users/kmualim/ABC_data/ENCFF906TID.bam	/scratch/groups/engreitz/Users/kmualim/ABC_data/ENCFF053OVW.bam
CD8-positive__alpha-beta_memory_T_cell_ENCFF356WGA_ENCFF809FIV	/scratch/groups/engreitz/Users/kmualim/ABC_data/ENCFF356WGA.bam	/scratch/groups/engreitz/Users/kmualim/ABC_data/ENCFF809FIV.bam
activated_CD4-positive__alpha-beta_T_cell_ENCFF805CDT_ENCFF196RFC	/scratch/groups/engreitz/Users/kmualim/ABC_data/ENCFF805CDT.bam	/scratch/groups/engreitz/Users/kmualim/ABC_data/ENCFF196RFC.bam
stomach_ENCFF620MUD_ENCFF155XPN	/scratch/groups/engreitz/Users/kmualim/ABC_data/ENCFF620MUD.bam	/oak/stanford/groups/engreitz/Users/kmualim/ABC_data/ENCFF155XPN.se.bam
sigmoid_colon_ENCFF166AYV_ENCFF789FIZ	/scratch/groups/engreitz/Users/kmualim/ABC_data/ENCFF166AYV.bam	/oak/stanford/groups/engreitz/Users/kmualim/ABC_data/ENCFF789FIZ.se.bam
stimulated_activated_CD8-positive__alpha-beta_T_cell_ENCFF634GPK_ENCFF678USE	/scratch/groups/engreitz/Users/kmualim/ABC_data/ENCFF634GPK.bam	/scratch/groups/engreitz/Users/kmualim/ABC_data/ENCFF678USE.bam
heart_right_ventricle_ENCFF671AXT_ENCFF370TIQ	/scratch/groups/engreitz/Users/kmualim/ABC_data/ENCFF671AXT.bam	/oak/stanford/groups/engreitz/Users/kmualim/ABC_data/ENCFF370TIQ.se.bam
gastrocnemius_medialis_ENCFF150XTJ_ENCFF426FWS_ENCFF637TNS	/scratch/groups/engreitz/Users/kmualim/ABC_data/ENCFF150XTJ.bam	/oak/stanford/groups/engreitz/Users/kmualim/ABC_data/ENCFF426FWS.se.bam,/oak/stanford/groups/engreitz/Users/kmualim/ABC_data/ENCFF637TNS.se.bam
T-cell_ENCFF967WOH_ENCFF310IUJ	/scratch/groups/engreitz/Users/kmualim/ABC_data/ENCFF967WOH.bam	/scratch/groups/engreitz/Users/kmualim/ABC_data/ENCFF310IUJ.bam
transverse_colon_ENCFF034EJE_ENCFF318BCO_ENCFF749UYZ	/scratch/groups/engreitz/Users/kmualim/ABC_data/ENCFF034EJE.bam	/oak/stanford/groups/engreitz/Users/kmualim/ABC_data/ENCFF318BCO.se.bam,/oak/stanford/groups/engreitz/Users/kmualim/ABC_data/ENCFF749UYZ.se.bam
T-helper_17_cell_ENCFF035LTI_ENCFF875YFU	/scratch/groups/engreitz/Users/kmualim/ABC_data/ENCFF035LTI.bam	/scratch/groups/engreitz/Users/kmualim/ABC_data/ENCFF875YFU.bam
naive_thymus-derived_CD8-positive__alpha-beta_T_cell_ENCFF137PON_ENCFF616FDM	/scratch/groups/engreitz/Users/kmualim/ABC_data/ENCFF137PON.bam	/scratch/groups/engreitz/Users/kmualim/ABC_data/ENCFF616FDM.bam
T-cell_ENCFF633EYK_ENCFF508KCK	/scratch/groups/engreitz/Users/kmualim/ABC_data/ENCFF633EYK.bam	/scratch/groups/engreitz/Users/kmualim/ABC_data/ENCFF508KCK.bam
esophagus_muscularis_mucosa_ENCFF505FWC_ENCFF882WZR	/scratch/groups/engreitz/Users/kmualim/ABC_data/ENCFF505FWC.bam	/oak/stanford/groups/engreitz/Users/kmualim/ABC_data/ENCFF882WZR.se.bam
naive_thymus-derived_CD8-positive__alpha-beta_T_cell_ENCFF867MZF_ENCFF577LPS	/scratch/groups/engreitz/Users/kmualim/ABC_data/ENCFF867MZF.bam	/scratch/groups/engreitz/Users/kmualim/ABC_data/ENCFF577LPS.bam
T-cell_ENCFF942ZXV_ENCFF840RYG	/scratch/groups/engreitz/Users/kmualim/ABC_data/ENCFF942ZXV.bam	/scratch/groups/engreitz/Users/kmualim/ABC_data/ENCFF840RYG.bam
HCT116_ENCFF866CNH_ENCFF906AHM	/scratch/groups/engreitz/Users/kmualim/ABC_data/ENCFF866CNH.bam	/scratch/groups/engreitz/Users/kmualim/ABC_data/ENCFF906AHM.bam
natural_killer_cell_ENCFF144XNA_ENCFF672ZRG	/scratch/groups/engreitz/Users/kmualim/ABC_data/ENCFF144XNA.bam	/scratch/groups/engreitz/Users/kmualim/ABC_data/ENCFF672ZRG.bam
stimulated_activated_naive_CD8-positive__alpha-beta_T_cell_ENCFF960DOV_ENCFF981NAZ	/scratch/groups/engreitz/Users/kmualim/ABC_data/ENCFF960DOV.bam	/scratch/groups/engreitz/Users/kmualim/ABC_data/ENCFF981NAZ.bam
heart_left_ventricle_ENCFF631HMZ_ENCFF772MRO	/scratch/groups/engreitz/Users/kmualim/ABC_data/ENCFF631HMZ.bam	/oak/stanford/groups/engreitz/Users/kmualim/ABC_data/ENCFF772MRO.se.bam
memory_B_cell_ENCFF731UJO_ENCFF896VCE	/scratch/groups/engreitz/Users/kmualim/ABC_data/ENCFF731UJO.bam	/scratch/groups/engreitz/Users/kmualim/ABC_data/ENCFF896VCE.bam
naive_thymus-derived_CD4-positive__alpha-beta_T_cell_ENCFF682STC_ENCFF301AGA	/scratch/groups/engreitz/Users/kmualim/ABC_data/ENCFF682STC.bam	/scratch/groups/engreitz/Users/kmualim/ABC_data/ENCFF301AGA.bam
coronary_artery_ENCFF491SJZ_ENCFF057VPU	/scratch/groups/engreitz/Users/kmualim/ABC_data/ENCFF491SJZ.bam	/oak/stanford/groups/engreitz/Users/kmualim/ABC_data/ENCFF057VPU.se.bam
effector_memory_CD8-positive__alpha-beta_T_cell_ENCFF852JWU_ENCFF927KRN	/scratch/groups/engreitz/Users/kmualim/ABC_data/ENCFF852JWU.bam	/scratch/groups/engreitz/Users/kmualim/ABC_data/ENCFF927KRN.bam
activated_CD8-positive__alpha-beta_T_cell_ENCFF511NLD_ENCFF936QZA	/scratch/groups/engreitz/Users/kmualim/ABC_data/ENCFF511NLD.bam	/scratch/groups/engreitz/Users/kmualim/ABC_data/ENCFF936QZA.bam
CD4-positive__alpha-beta_memory_T_cell_ENCFF534DMM_ENCFF243JVM	/scratch/groups/engreitz/Users/kmualim/ABC_data/ENCFF534DMM.bam	/scratch/groups/engreitz/Users/kmualim/ABC_data/ENCFF243JVM.bam
B_cell_ENCFF213FNG_ENCFF521WRV	/scratch/groups/engreitz/Users/kmualim/ABC_data/ENCFF213FNG.bam	/scratch/groups/engreitz/Users/kmualim/ABC_data/ENCFF521WRV.bam
activated_naive_CD4-positive__alpha-beta_T_cell_ENCFF636CPJ_ENCFF361ELS	/scratch/groups/engreitz/Users/kmualim/ABC_data/ENCFF636CPJ.bam	/scratch/groups/engreitz/Users/kmualim/ABC_data/ENCFF361ELS.bam
naive_thymus-derived_CD4-positive__alpha-beta_T_cell_ENCFF528COZ_ENCFF780ZBE	/scratch/groups/engreitz/Users/kmualim/ABC_data/ENCFF528COZ.bam	/scratch/groups/engreitz/Users/kmualim/ABC_data/ENCFF780ZBE.bam
activated_T-cell_ENCFF736DEU_ENCFF697RCH	/scratch/groups/engreitz/Users/kmualim/ABC_data/ENCFF736DEU.bam	/scratch/groups/engreitz/Users/kmualim/ABC_data/ENCFF697RCH.bam
stimulated_activated_naive_CD8-positive__alpha-beta_T_cell_ENCFF846LJB_ENCFF151ALB	/scratch/groups/engreitz/Users/kmualim/ABC_data/ENCFF846LJB.bam	/scratch/groups/engreitz/Users/kmualim/ABC_data/ENCFF151ALB.bam
naive_thymus-derived_CD8-positive__alpha-beta_T_cell_ENCFF769RXI_ENCFF389PVG	/scratch/groups/engreitz/Users/kmualim/ABC_data/ENCFF769RXI.bam	/scratch/groups/engreitz/Users/kmualim/ABC_data/ENCFF389PVG.bam
HCT116_ENCFF766VMY_ENCFF913QUY	/scratch/groups/engreitz/Users/kmualim/ABC_data/ENCFF766VMY.bam	/scratch/groups/engreitz/Users/kmualim/ABC_data/ENCFF913QUY.bam
iPS_DF_19.11_ENCFF966PEX_ENCFF821TYU	/oak/stanford/groups/engreitz/Users/kmualim/ABC_data/ENCFF966PEX.se.bam	/oak/stanford/groups/engreitz/Users/kmualim/ABC_data/ENCFF821TYU.se.bam,/oak/stanford/groups/engreitz/Users/kmualim/ABC_data/ENCFF461LZB.se.bam
RWPE2_ENCFF512AOX_ENCFF246EDR	/scratch/groups/engreitz/Users/kmualim/ABC_data/ENCFF512AOX.bam,/scratch/groups/engreitz/Users/kmualim/ABC_data/ENCFF407ORW.bam	/scratch/groups/engreitz/Users/kmualim/ABC_data/ENCFF246EDR.bam,/scratch/groups/engreitz/Users/kmualim/ABC_data/ENCFF132EYY.bam
NCI-H929_ENCFF910XNY_ENCFF670RFC	/scratch/groups/engreitz/Users/kmualim/ABC_data/ENCFF910XNY.bam,/scratch/groups/engreitz/Users/kmualim/ABC_data/ENCFF369NRI.bam	/scratch/groups/engreitz/Users/kmualim/ABC_data/ENCFF670RFC.bam,/scratch/groups/engreitz/Users/kmualim/ABC_data/ENCFF230NOF.bam
A673_ENCFF261YSH_ENCFF054PXI	/scratch/groups/engreitz/Users/kmualim/ABC_data/ENCFF261YSH.bam,/scratch/groups/engreitz/Users/kmualim/ABC_data/ENCFF860UCH.bam	/scratch/groups/engreitz/Users/kmualim/ABC_data/ENCFF054PXI.bam,/scratch/groups/engreitz/Users/kmualim/ABC_data/ENCFF215WZQ.bam
bipolar_neuron_ENCFF125JWY_ENCFF354HMZ	/scratch/groups/engreitz/Users/kmualim/ABC_data/ENCFF125JWY.bam,/scratch/groups/engreitz/Users/kmualim/ABC_data/ENCFF772EJG.bam	/scratch/groups/engreitz/Users/kmualim/ABC_data/ENCFF354HMZ.bam,/scratch/groups/engreitz/Users/kmualim/ABC_data/ENCFF292IFV.bam
epithelial_cell_of_prostate_ENCFF477OTZ_ENCFF406KDL	/oak/stanford/groups/engreitz/Users/kmualim/ABC_data/ENCFF477OTZ.se.bam	/scratch/groups/engreitz/Users/kmualim/ABC_data/ENCFF406KDL.bam,/scratch/groups/engreitz/Users/kmualim/ABC_data/ENCFF544ZNG.bam
SK-N-MC_ENCFF011ZHY_ENCFF051DER	/oak/stanford/groups/engreitz/Users/kmualim/ABC_data/ENCFF011ZHY.se.bam	/scratch/groups/engreitz/Users/kmualim/ABC_data/ENCFF051DER.bam,/scratch/groups/engreitz/Users/kmualim/ABC_data/ENCFF298MJF.bam
Karpas-422_ENCFF046SMR_ENCFF680GBK	/scratch/groups/engreitz/Users/kmualim/ABC_data/ENCFF046SMR.bam,/scratch/groups/engreitz/Users/kmualim/ABC_data/ENCFF438PJC.bam	/oak/stanford/groups/engreitz/Users/kmualim/ABC_data/ENCFF680GBK.se.bam,/oak/stanford/groups/engreitz/Users/kmualim/ABC_data/ENCFF910FWF.se.bam
AG04450_ENCFF477CQU_ENCFF485LDV	/oak/stanford/groups/engreitz/Users/kmualim/ABC_data/ENCFF477CQU.se.bam	/oak/stanford/groups/engreitz/Users/kmualim/ABC_data/ENCFF485LDV.se.bam
cardiac_muscle_cell_ENCFF405BAG_ENCFF044HUP	/oak/stanford/groups/engreitz/Users/kmualim/ABC_data/ENCFF405BAG.se.bam	/oak/stanford/groups/engreitz/Users/kmualim/ABC_data/ENCFF044HUP.se.bam
HeLa-S3_ENCFF610LUN_ENCFF712QHJ	/oak/stanford/groups/engreitz/Users/kmualim/ABC_data/ENCFF610LUN.se.bam	/oak/stanford/groups/engreitz/Users/kmualim/ABC_data/ENCFF712QHJ.se.bam
liver_ENCFF427KDL_ENCFF580JIQ	/scratch/groups/engreitz/Users/kmualim/ABC_data/ENCFF427KDL.bam	/oak/stanford/groups/engreitz/Users/kmualim/ABC_data/ENCFF580JIQ.se.bam
H9_ENCFF244JVV_ENCFF709WUL	/scratch/groups/engreitz/Users/kmualim/ABC_data/ENCFF244JVV.bam	/oak/stanford/groups/engreitz/Users/kmualim/ABC_data/ENCFF709WUL.se.bam
colonic_mucosa_ENCFF946UKJ_ENCFF282AQV	/scratch/groups/engreitz/Users/kmualim/ABC_data/ENCFF946UKJ.bam	/oak/stanford/groups/engreitz/Users/kmualim/ABC_data/ENCFF282AQV.se.bam
myotube_ENCFF806BLV_ENCFF051NJJ	/oak/stanford/groups/engreitz/Users/kmualim/ABC_data/ENCFF806BLV.se.bam	/oak/stanford/groups/engreitz/Users/kmualim/ABC_data/ENCFF051NJJ.se.bam
osteoblast_ENCFF977LFT_ENCFF509IKG	/oak/stanford/groups/engreitz/Users/kmualim/ABC_data/ENCFF977LFT.se.bam	/oak/stanford/groups/engreitz/Users/kmualim/ABC_data/ENCFF509IKG.se.bam
MM.1S_ENCFF319IZZ_ENCFF498RUH	/scratch/groups/engreitz/Users/kmualim/ABC_data/ENCFF319IZZ.bam	/oak/stanford/groups/engreitz/Users/kmualim/ABC_data/ENCFF498RUH.se.bam
keratinocyte_ENCFF474YKG_ENCFF299ZJS	/oak/stanford/groups/engreitz/Users/kmualim/ABC_data/ENCFF474YKG.se.bam	/oak/stanford/groups/engreitz/Users/kmualim/ABC_data/ENCFF299ZJS.se.bam
left_ventricle_myocardium_inferior_ENCFF616QAS_ENCFF260DUN	/scratch/groups/engreitz/Users/kmualim/ABC_data/ENCFF616QAS.bam	/oak/stanford/groups/engreitz/Users/kmualim/ABC_data/ENCFF260DUN.se.bam
IMR-90_ENCFF618FFB_ENCFF188JME	/oak/stanford/groups/engreitz/Users/kmualim/ABC_data/ENCFF618FFB.se.bam	/oak/stanford/groups/engreitz/Users/kmualim/ABC_data/ENCFF188JME.se.bam
Panc1_ENCFF313EDO_ENCFF146CFC	/oak/stanford/groups/engreitz/Users/kmualim/ABC_data/ENCFF313EDO.se.bam	/oak/stanford/groups/engreitz/Users/kmualim/ABC_data/ENCFF146CFC.se.bam
fibroblast_of_dermis_ENCFF159HRT_ENCFF097AWZ	/oak/stanford/groups/engreitz/Users/kmualim/ABC_data/ENCFF159HRT.se.bam	/oak/stanford/groups/engreitz/Users/kmualim/ABC_data/ENCFF097AWZ.se.bam
mesendoderm_ENCFF585KAH_ENCFF513CDW	/oak/stanford/groups/engreitz/Users/kmualim/ABC_data/ENCFF585KAH.se.bam	/oak/stanford/groups/engreitz/Users/kmualim/ABC_data/ENCFF513CDW.se.bam
K562_ENCFF860XAE_ENCFF790GFL	/oak/stanford/groups/engreitz/Users/kmualim/ABC_data/ENCFF860XAE.se.bam	/oak/stanford/groups/engreitz/Users/kmualim/ABC_data/ENCFF790GFL.se.bam
iPS_DF_6.9_ENCFF138HXB_ENCFF482OZK	/oak/stanford/groups/engreitz/Users/kmualim/ABC_data/ENCFF138HXB.se.bam	/oak/stanford/groups/engreitz/Users/kmualim/ABC_data/ENCFF482OZK.se.bam
skeletal_muscle_myoblast_ENCFF372SZT_ENCFF702NBI	/oak/stanford/groups/engreitz/Users/kmualim/ABC_data/ENCFF372SZT.se.bam	/oak/stanford/groups/engreitz/Users/kmualim/ABC_data/ENCFF702NBI.se.bam
neuronal_stem_cell_ENCFF204GFI_ENCFF319REM	/oak/stanford/groups/engreitz/Users/kmualim/ABC_data/ENCFF204GFI.se.bam	/oak/stanford/groups/engreitz/Users/kmualim/ABC_data/ENCFF319REM.se.bam
GM12878_ENCFF467CXY_ENCFF645BAL	/oak/stanford/groups/engreitz/Users/kmualim/ABC_data/ENCFF467CXY.se.bam	/oak/stanford/groups/engreitz/Users/kmualim/ABC_data/ENCFF645BAL.se.bam
mesenchymal_stem_cell_ENCFF474HCY_ENCFF214ROW	/scratch/groups/engreitz/Users/kmualim/ABC_data/ENCFF474HCY.bam	/oak/stanford/groups/engreitz/Users/kmualim/ABC_data/ENCFF214ROW.se.bam
HL-60_ENCFF310NAD_ENCFF364IVU	/oak/stanford/groups/engreitz/Users/kmualim/ABC_data/ENCFF310NAD.se.bam	/scratch/groups/engreitz/Users/kmualim/ABC_data/ENCFF364IVU.bam,/scratch/groups/engreitz/Users/kmualim/ABC_data/ENCFF510IXN.bam
SJSA1_ENCFF255DYN_ENCFF174GEJ	/scratch/groups/engreitz/Users/kmualim/ABC_data/ENCFF255DYN.bam,/scratch/groups/engreitz/Users/kmualim/ABC_data/ENCFF204JPE.bam	/scratch/groups/engreitz/Users/kmualim/ABC_data/ENCFF174GEJ.bam,/scratch/groups/engreitz/Users/kmualim/ABC_data/ENCFF238CFV.bam
GM23338_ENCFF376XJI_ENCFF421TFQ	/scratch/groups/engreitz/Users/kmualim/ABC_data/ENCFF376XJI.bam	/scratch/groups/engreitz/Users/kmualim/ABC_data/ENCFF421TFQ.bam,/scratch/groups/engreitz/Users/kmualim/ABC_data/ENCFF206NOQ.bam
SJCRH30_ENCFF561GBK_ENCFF743FZM	/oak/stanford/groups/engreitz/Users/kmualim/ABC_data/ENCFF561GBK.se.bam	/scratch/groups/engreitz/Users/kmualim/ABC_data/ENCFF743FZM.bam,/scratch/groups/engreitz/Users/kmualim/ABC_data/ENCFF721URQ.bam
WERI-Rb-1_ENCFF639GFQ_ENCFF463ZHF	/oak/stanford/groups/engreitz/Users/kmualim/ABC_data/ENCFF639GFQ.se.bam	/scratch/groups/engreitz/Users/kmualim/ABC_data/ENCFF463ZHF.bam,/scratch/groups/engreitz/Users/kmualim/ABC_data/ENCFF574GEM.bam
brain_microvascular_endothelial_cell_ENCFF203RLS_ENCFF713SNQ	/oak/stanford/groups/engreitz/Users/kmualim/ABC_data/ENCFF203RLS.se.bam	/scratch/groups/engreitz/Users/kmualim/ABC_data/ENCFF713SNQ.bam,/scratch/groups/engreitz/Users/kmualim/ABC_data/ENCFF887PLJ.bam
HAP-1_ENCFF303JZI_ENCFF742SZS	/scratch/groups/engreitz/Users/kmualim/ABC_data/ENCFF303JZI.bam,/scratch/groups/engreitz/Users/kmualim/ABC_data/ENCFF427IVB.bam	/scratch/groups/engreitz/Users/kmualim/ABC_data/ENCFF742SZS.bam,/scratch/groups/engreitz/Users/kmualim/ABC_data/ENCFF525ADD.bam
HCT116_ENCFF166PCV_ENCFF799ZUN	/oak/stanford/groups/engreitz/Users/kmualim/ABC_data/ENCFF166PCV.se.bam	/scratch/groups/engreitz/Users/kmualim/ABC_data/ENCFF799ZUN.bam,/scratch/groups/engreitz/Users/kmualim/ABC_data/ENCFF977FPK.bam
Peyers_patch_ENCFF799FGK_ENCFF520UFK	/scratch/groups/engreitz/Users/kmualim/ABC_data/ENCFF799FGK.bam	/oak/stanford/groups/engreitz/Users/kmualim/ABC_data/ENCFF520UFK.se.bam
Peyers_patch_ENCFF226LGV_ENCFF705UNY	/scratch/groups/engreitz/Users/kmualim/ABC_data/ENCFF226LGV.bam	/oak/stanford/groups/engreitz/Users/kmualim/ABC_data/ENCFF705UNY.se.bam
spleen_ENCFF932JKV_ENCFF319NIE	/scratch/groups/engreitz/Users/kmualim/ABC_data/ENCFF932JKV.bam	/oak/stanford/groups/engreitz/Users/kmualim/ABC_data/ENCFF319NIE.se.bam
spleen_ENCFF518TQH_ENCFF335TJL	/scratch/groups/engreitz/Users/kmualim/ABC_data/ENCFF518TQH.bam	/oak/stanford/groups/engreitz/Users/kmualim/ABC_data/ENCFF335TJL.se.bam
spleen_ENCFF136TSS_ENCFF975CQD	/scratch/groups/engreitz/Users/kmualim/ABC_data/ENCFF136TSS.bam	/oak/stanford/groups/engreitz/Users/kmualim/ABC_data/ENCFF975CQD.se.bam
lower_lobe_of_left_lung_ENCFF816ANC_ENCFF603LSK	/scratch/groups/engreitz/Users/kmualim/ABC_data/ENCFF816ANC.bam	/oak/stanford/groups/engreitz/Users/kmualim/ABC_data/ENCFF603LSK.se.bam
lower_lobe_of_left_lung_ENCFF483RKV_ENCFF737JBA	/scratch/groups/engreitz/Users/kmualim/ABC_data/ENCFF483RKV.bam	/oak/stanford/groups/engreitz/Users/kmualim/ABC_data/ENCFF737JBA.se.bam
T-cell_ENCFF575SPN_ENCFF961CNU	/oak/stanford/groups/engreitz/Users/kmualim/ABC_data/ENCFF575SPN.se.bam	/oak/stanford/groups/engreitz/Users/kmualim/ABC_data/ENCFF961CNU.se.bam
CD4-positive_alpha-beta_T_cell_ENCFF182LTQ_ENCFF051JGL	/oak/stanford/groups/engreitz/Users/kmualim/ABC_data/ENCFF182LTQ.se.bam	/oak/stanford/groups/engreitz/Users/kmualim/ABC_data/ENCFF051JGL.se.bam
CD8-positive_alpha-beta_T_cell_ENCFF565RJQ_ENCFF009JJU	/oak/stanford/groups/engreitz/Users/kmualim/ABC_data/ENCFF565RJQ.se.bam	/oak/stanford/groups/engreitz/Users/kmualim/ABC_data/ENCFF009JJU.se.bam
heart_left_ventricle_ENCFF041ZOJ_ENCFF730PAZ	/scratch/groups/engreitz/Users/kmualim/ABC_data/ENCFF041ZOJ.bam	/oak/stanford/groups/engreitz/Users/kmualim/ABC_data/ENCFF730PAZ.se.bam
heart_left_ventricle_ENCFF682TBE_ENCFF717BBH	/scratch/groups/engreitz/Users/kmualim/ABC_data/ENCFF682TBE.bam	/oak/stanford/groups/engreitz/Users/kmualim/ABC_data/ENCFF717BBH.se.bam
heart_right_ventricle_ENCFF366VIM_ENCFF205TFT	/scratch/groups/engreitz/Users/kmualim/ABC_data/ENCFF366VIM.bam	/oak/stanford/groups/engreitz/Users/kmualim/ABC_data/ENCFF205TFT.se.bam
heart_right_ventricle_ENCFF843ZFJ_ENCFF461LDR	/scratch/groups/engreitz/Users/kmualim/ABC_data/ENCFF843ZFJ.bam	/oak/stanford/groups/engreitz/Users/kmualim/ABC_data/ENCFF461LDR.se.bam
pancreas_ENCFF456GDF_ENCFF908YZG	/scratch/groups/engreitz/Users/kmualim/ABC_data/ENCFF456GDF.bam	/oak/stanford/groups/engreitz/Users/kmualim/ABC_data/ENCFF908YZG.se.bam
pancreas_ENCFF180RAM_ENCFF663EHB	/scratch/groups/engreitz/Users/kmualim/ABC_data/ENCFF180RAM.bam	/oak/stanford/groups/engreitz/Users/kmualim/ABC_data/ENCFF663EHB.se.bam
pancreas_ENCFF942NPB_ENCFF181NJO	/scratch/groups/engreitz/Users/kmualim/ABC_data/ENCFF942NPB.bam	/oak/stanford/groups/engreitz/Users/kmualim/ABC_data/ENCFF181NJO.se.bam
pancreas_ENCFF219VNL_ENCFF461RMV	/oak/stanford/groups/engreitz/Users/kmualim/ABC_data/ENCFF219VNL.se.bam	/oak/stanford/groups/engreitz/Users/kmualim/ABC_data/ENCFF461RMV.se.bam
pancreas_ENCFF027VJJ_ENCFF553NLN	/oak/stanford/groups/engreitz/Users/kmualim/ABC_data/ENCFF027VJJ.se.bam	/oak/stanford/groups/engreitz/Users/kmualim/ABC_data/ENCFF553NLN.se.bam
pancreas_ENCFF979ZTM_ENCFF506MTS	/scratch/groups/engreitz/Users/kmualim/ABC_data/ENCFF979ZTM.bam	/oak/stanford/groups/engreitz/Users/kmualim/ABC_data/ENCFF506MTS.se.bam
ovary_ENCFF593QEZ_ENCFF497BXP	/oak/stanford/groups/engreitz/Users/kmualim/ABC_data/ENCFF593QEZ.se.bam	/oak/stanford/groups/engreitz/Users/kmualim/ABC_data/ENCFF497BXP.se.bam
ovary_ENCFF332IHS_ENCFF089HFH	/scratch/groups/engreitz/Users/kmualim/ABC_data/ENCFF332IHS.bam	/oak/stanford/groups/engreitz/Users/kmualim/ABC_data/ENCFF089HFH.se.bam
H1_ENCFF733TCL_ENCFF104RJG	/oak/stanford/groups/engreitz/Users/kmualim/ABC_data/ENCFF733TCL.se.bam	/oak/stanford/groups/engreitz/Users/kmualim/ABC_data/ENCFF104RJG.se.bam
H1_ENCFF733TCL_ENCFF026EYS	/oak/stanford/groups/engreitz/Users/kmualim/ABC_data/ENCFF733TCL.se.bam	/oak/stanford/groups/engreitz/Users/kmualim/ABC_data/ENCFF026EYS.se.bam
CD14-positive_monocyte_ENCFF975UDE_ENCFF068YQE	/oak/stanford/groups/engreitz/Users/kmualim/ABC_data/ENCFF975UDE.se.bam	/oak/stanford/groups/engreitz/Users/kmualim/ABC_data/ENCFF068YQE.se.bam
CD14-positive_monocyte_ENCFF527BCW_ENCFF182UAN	/scratch/groups/engreitz/Users/kmualim/ABC_data/ENCFF527BCW.bam	/oak/stanford/groups/engreitz/Users/kmualim/ABC_data/ENCFF182UAN.se.bam
right_lobe_of_liver_ENCFF520UZZ_ENCFF152LRJ	/scratch/groups/engreitz/Users/kmualim/ABC_data/ENCFF520UZZ.bam	/oak/stanford/groups/engreitz/Users/kmualim/ABC_data/ENCFF152LRJ.se.bam
middle_frontal_area_46_ENCFF507QWT_ENCFF932FVV	/scratch/groups/engreitz/Users/kmualim/ABC_data/ENCFF507QWT.bam	/oak/stanford/groups/engreitz/Users/kmualim/ABC_data/ENCFF932FVV.se.bam
middle_frontal_area_46_ENCFF291ZCY_ENCFF072THO	/scratch/groups/engreitz/Users/kmualim/ABC_data/ENCFF291ZCY.bam	/oak/stanford/groups/engreitz/Users/kmualim/ABC_data/ENCFF072THO.se.bam
middle_frontal_area_46_ENCFF054OWB_ENCFF633MNX	/scratch/groups/engreitz/Users/kmualim/ABC_data/ENCFF054OWB.bam	/oak/stanford/groups/engreitz/Users/kmualim/ABC_data/ENCFF633MNX.se.bam
middle_frontal_area_46_ENCFF375NXF_ENCFF672JEP	/scratch/groups/engreitz/Users/kmualim/ABC_data/ENCFF375NXF.bam	/oak/stanford/groups/engreitz/Users/kmualim/ABC_data/ENCFF672JEP.se.bam
middle_frontal_area_46_ENCFF340VDR_ENCFF864WAT	/scratch/groups/engreitz/Users/kmualim/ABC_data/ENCFF340VDR.bam	/oak/stanford/groups/engreitz/Users/kmualim/ABC_data/ENCFF864WAT.se.bam
middle_frontal_area_46_ENCFF647TPO_ENCFF177EVZ	/scratch/groups/engreitz/Users/kmualim/ABC_data/ENCFF647TPO.bam	/oak/stanford/groups/engreitz/Users/kmualim/ABC_data/ENCFF177EVZ.se.bam
middle_frontal_area_46_ENCFF879QFZ_ENCFF796DQP	/scratch/groups/engreitz/Users/kmualim/ABC_data/ENCFF879QFZ.bam	/oak/stanford/groups/engreitz/Users/kmualim/ABC_data/ENCFF796DQP.se.bam
middle_frontal_area_46_ENCFF163PSF_ENCFF638KAU	/scratch/groups/engreitz/Users/kmualim/ABC_data/ENCFF163PSF.bam	/oak/stanford/groups/engreitz/Users/kmualim/ABC_data/ENCFF638KAU.se.bam
middle_frontal_area_46_ENCFF329ESC_ENCFF227AWL	/scratch/groups/engreitz/Users/kmualim/ABC_data/ENCFF329ESC.bam	/oak/stanford/groups/engreitz/Users/kmualim/ABC_data/ENCFF227AWL.se.bam
middle_frontal_area_46_ENCFF884NRT_ENCFF071LLG	/scratch/groups/engreitz/Users/kmualim/ABC_data/ENCFF884NRT.bam	/oak/stanford/groups/engreitz/Users/kmualim/ABC_data/ENCFF071LLG.se.bam
middle_frontal_area_46_ENCFF175CMR_ENCFF105QXX	/scratch/groups/engreitz/Users/kmualim/ABC_data/ENCFF175CMR.bam	/oak/stanford/groups/engreitz/Users/kmualim/ABC_data/ENCFF105QXX.se.bam
middle_frontal_area_46_ENCFF246QEH_ENCFF244QQL	/scratch/groups/engreitz/Users/kmualim/ABC_data/ENCFF246QEH.bam	/oak/stanford/groups/engreitz/Users/kmualim/ABC_data/ENCFF244QQL.se.bam
middle_frontal_area_46_ENCFF306XXE_ENCFF410HNA	/scratch/groups/engreitz/Users/kmualim/ABC_data/ENCFF306XXE.bam	/oak/stanford/groups/engreitz/Users/kmualim/ABC_data/ENCFF410HNA.se.bam
middle_frontal_area_46_ENCFF063HKZ_ENCFF022JBB	/scratch/groups/engreitz/Users/kmualim/ABC_data/ENCFF063HKZ.bam	/oak/stanford/groups/engreitz/Users/kmualim/ABC_data/ENCFF022JBB.se.bam
middle_frontal_area_46_ENCFF344RYW_ENCFF835QGL	/scratch/groups/engreitz/Users/kmualim/ABC_data/ENCFF344RYW.bam	/oak/stanford/groups/engreitz/Users/kmualim/ABC_data/ENCFF835QGL.se.bam
middle_frontal_area_46_ENCFF984QXK_ENCFF631NPO	/scratch/groups/engreitz/Users/kmualim/ABC_data/ENCFF984QXK.bam	/oak/stanford/groups/engreitz/Users/kmualim/ABC_data/ENCFF631NPO.se.bam
middle_frontal_area_46_ENCFF855CLY_ENCFF777JWI	/scratch/groups/engreitz/Users/kmualim/ABC_data/ENCFF855CLY.bam	/oak/stanford/groups/engreitz/Users/kmualim/ABC_data/ENCFF777JWI.se.bam
middle_frontal_area_46_ENCFF206ZKI_ENCFF918FSP	/scratch/groups/engreitz/Users/kmualim/ABC_data/ENCFF206ZKI.bam	/oak/stanford/groups/engreitz/Users/kmualim/ABC_data/ENCFF918FSP.se.bam
middle_frontal_area_46_ENCFF066YOO_ENCFF678PNK	/scratch/groups/engreitz/Users/kmualim/ABC_data/ENCFF066YOO.bam	/oak/stanford/groups/engreitz/Users/kmualim/ABC_data/ENCFF678PNK.se.bam
middle_frontal_area_46_ENCFF292PMY_ENCFF114YIV	/scratch/groups/engreitz/Users/kmualim/ABC_data/ENCFF292PMY.bam	/oak/stanford/groups/engreitz/Users/kmualim/ABC_data/ENCFF114YIV.se.bam
middle_frontal_area_46_ENCFF465WGX_ENCFF452ZUU	/scratch/groups/engreitz/Users/kmualim/ABC_data/ENCFF465WGX.bam	/oak/stanford/groups/engreitz/Users/kmualim/ABC_data/ENCFF452ZUU.se.bam
middle_frontal_area_46_ENCFF892OLB_ENCFF377JWQ	/scratch/groups/engreitz/Users/kmualim/ABC_data/ENCFF892OLB.bam	/oak/stanford/groups/engreitz/Users/kmualim/ABC_data/ENCFF377JWQ.se.bam
middle_frontal_area_46_ENCFF978AHA_ENCFF890ZEQ	/scratch/groups/engreitz/Users/kmualim/ABC_data/ENCFF978AHA.bam	/oak/stanford/groups/engreitz/Users/kmualim/ABC_data/ENCFF890ZEQ.se.bam
middle_frontal_area_46_ENCFF479FLN_ENCFF176VAR	/scratch/groups/engreitz/Users/kmualim/ABC_data/ENCFF479FLN.bam	/oak/stanford/groups/engreitz/Users/kmualim/ABC_data/ENCFF176VAR.se.bam
middle_frontal_area_46_ENCFF301WKE_ENCFF529VDE	/scratch/groups/engreitz/Users/kmualim/ABC_data/ENCFF301WKE.bam	/oak/stanford/groups/engreitz/Users/kmualim/ABC_data/ENCFF529VDE.se.bam
middle_frontal_area_46_ENCFF902LXF_ENCFF682PIO	/scratch/groups/engreitz/Users/kmualim/ABC_data/ENCFF902LXF.bam	/oak/stanford/groups/engreitz/Users/kmualim/ABC_data/ENCFF682PIO.se.bam
middle_frontal_area_46_ENCFF865REX_ENCFF592TSV	/scratch/groups/engreitz/Users/kmualim/ABC_data/ENCFF865REX.bam	/oak/stanford/groups/engreitz/Users/kmualim/ABC_data/ENCFF592TSV.se.bam
middle_frontal_area_46_ENCFF535RWT_ENCFF535BVG	/scratch/groups/engreitz/Users/kmualim/ABC_data/ENCFF535RWT.bam	/oak/stanford/groups/engreitz/Users/kmualim/ABC_data/ENCFF535BVG.se.bam
middle_frontal_area_46_ENCFF195KCN_ENCFF575QTB	/scratch/groups/engreitz/Users/kmualim/ABC_data/ENCFF195KCN.bam	/oak/stanford/groups/engreitz/Users/kmualim/ABC_data/ENCFF575QTB.se.bam
middle_frontal_area_46_ENCFF158LPS_ENCFF484FUP	/scratch/groups/engreitz/Users/kmualim/ABC_data/ENCFF158LPS.bam	/oak/stanford/groups/engreitz/Users/kmualim/ABC_data/ENCFF484FUP.se.bam
middle_frontal_area_46_ENCFF852OWB_ENCFF761IWV	/scratch/groups/engreitz/Users/kmualim/ABC_data/ENCFF852OWB.bam	/oak/stanford/groups/engreitz/Users/kmualim/ABC_data/ENCFF761IWV.se.bam
gastrocnemius_medialis_ENCFF513STI_ENCFF069XVF	/scratch/groups/engreitz/Users/kmualim/ABC_data/ENCFF513STI.bam	/oak/stanford/groups/engreitz/Users/kmualim/ABC_data/ENCFF069XVF.se.bam
gastrocnemius_medialis_ENCFF109XKX_ENCFF129SZG	/scratch/groups/engreitz/Users/kmualim/ABC_data/ENCFF109XKX.bam	/oak/stanford/groups/engreitz/Users/kmualim/ABC_data/ENCFF129SZG.se.bam
gastrocnemius_medialis_ENCFF490UZS_ENCFF129SZG	/scratch/groups/engreitz/Users/kmualim/ABC_data/ENCFF490UZS.bam	/oak/stanford/groups/engreitz/Users/kmualim/ABC_data/ENCFF129SZG.se.bam
gastrocnemius_medialis_ENCFF891KGR_ENCFF859JWV	/scratch/groups/engreitz/Users/kmualim/ABC_data/ENCFF891KGR.bam	/oak/stanford/groups/engreitz/Users/kmualim/ABC_data/ENCFF859JWV.se.bam
breast_epithelium_ENCFF669BAO_ENCFF221SUQ	/scratch/groups/engreitz/Users/kmualim/ABC_data/ENCFF669BAO.bam	/oak/stanford/groups/engreitz/Users/kmualim/ABC_data/ENCFF221SUQ.se.bam
psoas_muscle_ENCFF765JWE_ENCFF254OBY	/scratch/groups/engreitz/Users/kmualim/ABC_data/ENCFF765JWE.bam	/oak/stanford/groups/engreitz/Users/kmualim/ABC_data/ENCFF254OBY.se.bam
B_cell_ENCFF389YHU_ENCFF041LGM	/oak/stanford/groups/engreitz/Users/kmualim/ABC_data/ENCFF389YHU.se.bam	/oak/stanford/groups/engreitz/Users/kmualim/ABC_data/ENCFF041LGM.se.bam
tibial_nerve_ENCFF647TLU_ENCFF430ORU	/scratch/groups/engreitz/Users/kmualim/ABC_data/ENCFF647TLU.bam	/oak/stanford/groups/engreitz/Users/kmualim/ABC_data/ENCFF430ORU.se.bam
tibial_nerve_ENCFF234VOE_ENCFF125NBN	/scratch/groups/engreitz/Users/kmualim/ABC_data/ENCFF234VOE.bam	/oak/stanford/groups/engreitz/Users/kmualim/ABC_data/ENCFF125NBN.se.bam
adrenal_gland_ENCFF683WUB_ENCFF022LSJ	/scratch/groups/engreitz/Users/kmualim/ABC_data/ENCFF683WUB.bam	/oak/stanford/groups/engreitz/Users/kmualim/ABC_data/ENCFF022LSJ.se.bam
adrenal_gland_ENCFF303KPU_ENCFF130EUH	/scratch/groups/engreitz/Users/kmualim/ABC_data/ENCFF303KPU.bam	/oak/stanford/groups/engreitz/Users/kmualim/ABC_data/ENCFF130EUH.se.bam
adrenal_gland_ENCFF011IXU_ENCFF427GLL	/scratch/groups/engreitz/Users/kmualim/ABC_data/ENCFF011IXU.bam	/oak/stanford/groups/engreitz/Users/kmualim/ABC_data/ENCFF427GLL.se.bam
adrenal_gland_ENCFF524ITC_ENCFF427GLL	/scratch/groups/engreitz/Users/kmualim/ABC_data/ENCFF524ITC.bam	/oak/stanford/groups/engreitz/Users/kmualim/ABC_data/ENCFF427GLL.se.bam
adrenal_gland_ENCFF820EVO_ENCFF327WPS	/scratch/groups/engreitz/Users/kmualim/ABC_data/ENCFF820EVO.bam	/oak/stanford/groups/engreitz/Users/kmualim/ABC_data/ENCFF327WPS.se.bam
upper_lobe_of_left_lung_ENCFF557TCY_ENCFF637XGS	/scratch/groups/engreitz/Users/kmualim/ABC_data/ENCFF557TCY.bam	/oak/stanford/groups/engreitz/Users/kmualim/ABC_data/ENCFF637XGS.se.bam
upper_lobe_of_left_lung_ENCFF231SIZ_ENCFF201IPM	/scratch/groups/engreitz/Users/kmualim/ABC_data/ENCFF231SIZ.bam	/oak/stanford/groups/engreitz/Users/kmualim/ABC_data/ENCFF201IPM.se.bam
upper_lobe_of_left_lung_ENCFF006JWD_ENCFF325LKK	/scratch/groups/engreitz/Users/kmualim/ABC_data/ENCFF006JWD.bam	/oak/stanford/groups/engreitz/Users/kmualim/ABC_data/ENCFF325LKK.se.bam
upper_lobe_of_left_lung_ENCFF909FQD_ENCFF637XGS	/scratch/groups/engreitz/Users/kmualim/ABC_data/ENCFF909FQD.bam	/oak/stanford/groups/engreitz/Users/kmualim/ABC_data/ENCFF637XGS.se.bam
thoracic_aorta_ENCFF818DQZ_ENCFF111DOD	/scratch/groups/engreitz/Users/kmualim/ABC_data/ENCFF818DQZ.bam	/oak/stanford/groups/engreitz/Users/kmualim/ABC_data/ENCFF111DOD.se.bam
left_lung_ENCFF050APU_ENCFF355ZRJ	/scratch/groups/engreitz/Users/kmualim/ABC_data/ENCFF050APU.bam	/oak/stanford/groups/engreitz/Users/kmualim/ABC_data/ENCFF355ZRJ.se.bam
left_lung_ENCFF277SFH_ENCFF135FPL	/scratch/groups/engreitz/Users/kmualim/ABC_data/ENCFF277SFH.bam	/oak/stanford/groups/engreitz/Users/kmualim/ABC_data/ENCFF135FPL.se.bam
astrocyte_ENCFF368UGK_ENCFF500ZIA	/oak/stanford/groups/engreitz/Users/kmualim/ABC_data/ENCFF368UGK.se.bam	/oak/stanford/groups/engreitz/Users/kmualim/ABC_data/ENCFF500ZIA.se.bam
stomach_ENCFF940EUA_ENCFF981BXE	/oak/stanford/groups/engreitz/Users/kmualim/ABC_data/ENCFF940EUA.se.bam	/oak/stanford/groups/engreitz/Users/kmualim/ABC_data/ENCFF981BXE.se.bam
stomach_ENCFF459MPN_ENCFF702OHX	/scratch/groups/engreitz/Users/kmualim/ABC_data/ENCFF459MPN.bam	/oak/stanford/groups/engreitz/Users/kmualim/ABC_data/ENCFF702OHX.se.bam
stomach_ENCFF513MQT_ENCFF295YDS	/scratch/groups/engreitz/Users/kmualim/ABC_data/ENCFF513MQT.bam	/oak/stanford/groups/engreitz/Users/kmualim/ABC_data/ENCFF295YDS.se.bam
HCT116_ENCFF166PCV_ENCFF938MXK	/oak/stanford/groups/engreitz/Users/kmualim/ABC_data/ENCFF166PCV.se.bam	/oak/stanford/groups/engreitz/Users/kmualim/ABC_data/ENCFF938MXK.se.bam
tibial_artery_ENCFF217PGC_ENCFF338TDT	/scratch/groups/engreitz/Users/kmualim/ABC_data/ENCFF217PGC.bam	/oak/stanford/groups/engreitz/Users/kmualim/ABC_data/ENCFF338TDT.se.bam
coronary_artery_ENCFF732RWK_ENCFF055DES	/scratch/groups/engreitz/Users/kmualim/ABC_data/ENCFF732RWK.bam	/oak/stanford/groups/engreitz/Users/kmualim/ABC_data/ENCFF055DES.se.bam
body_of_pancreas_ENCFF611ZEI_ENCFF067FXW	/scratch/groups/engreitz/Users/kmualim/ABC_data/ENCFF611ZEI.bam	/oak/stanford/groups/engreitz/Users/kmualim/ABC_data/ENCFF067FXW.se.bam
body_of_pancreas_ENCFF855BHV_ENCFF753ZLD	/scratch/groups/engreitz/Users/kmualim/ABC_data/ENCFF855BHV.bam	/oak/stanford/groups/engreitz/Users/kmualim/ABC_data/ENCFF753ZLD.se.bam
body_of_pancreas_ENCFF135KGR_ENCFF274UJE	/scratch/groups/engreitz/Users/kmualim/ABC_data/ENCFF135KGR.bam	/oak/stanford/groups/engreitz/Users/kmualim/ABC_data/ENCFF274UJE.se.bam
thyroid_gland_ENCFF355MYX_ENCFF455MBJ	/scratch/groups/engreitz/Users/kmualim/ABC_data/ENCFF355MYX.bam	/oak/stanford/groups/engreitz/Users/kmualim/ABC_data/ENCFF455MBJ.se.bam
thyroid_gland_ENCFF657ZLL_ENCFF915JRY	/scratch/groups/engreitz/Users/kmualim/ABC_data/ENCFF657ZLL.bam	/oak/stanford/groups/engreitz/Users/kmualim/ABC_data/ENCFF915JRY.se.bam
thyroid_gland_ENCFF465MSB_ENCFF073XLL	/scratch/groups/engreitz/Users/kmualim/ABC_data/ENCFF465MSB.bam	/oak/stanford/groups/engreitz/Users/kmualim/ABC_data/ENCFF073XLL.se.bam
testis_ENCFF386AZI_ENCFF252WYC	/scratch/groups/engreitz/Users/kmualim/ABC_data/ENCFF386AZI.bam	/oak/stanford/groups/engreitz/Users/kmualim/ABC_data/ENCFF252WYC.se.bam
right_atrium_auricular_region_ENCFF068EYV_ENCFF258ZUX	/scratch/groups/engreitz/Users/kmualim/ABC_data/ENCFF068EYV.bam	/oak/stanford/groups/engreitz/Users/kmualim/ABC_data/ENCFF258ZUX.se.bam
transverse_colon_ENCFF568ZEU_ENCFF127ZKN	/scratch/groups/engreitz/Users/kmualim/ABC_data/ENCFF568ZEU.bam	/oak/stanford/groups/engreitz/Users/kmualim/ABC_data/ENCFF127ZKN.se.bam
transverse_colon_ENCFF991EWH_ENCFF288SBC	/scratch/groups/engreitz/Users/kmualim/ABC_data/ENCFF991EWH.bam	/oak/stanford/groups/engreitz/Users/kmualim/ABC_data/ENCFF288SBC.se.bam
uterus_ENCFF130PVC_ENCFF103IKL	/scratch/groups/engreitz/Users/kmualim/ABC_data/ENCFF130PVC.bam	/oak/stanford/groups/engreitz/Users/kmualim/ABC_data/ENCFF103IKL.se.bam
sigmoid_colon_ENCFF531YYI_ENCFF409VDP	/scratch/groups/engreitz/Users/kmualim/ABC_data/ENCFF531YYI.bam	/oak/stanford/groups/engreitz/Users/kmualim/ABC_data/ENCFF409VDP.se.bam
ascending_aorta_ENCFF396JLE_ENCFF335HWZ	/scratch/groups/engreitz/Users/kmualim/ABC_data/ENCFF396JLE.bam	/oak/stanford/groups/engreitz/Users/kmualim/ABC_data/ENCFF335HWZ.se.bam
ascending_aorta_ENCFF361GMH_ENCFF328YXI	/scratch/groups/engreitz/Users/kmualim/ABC_data/ENCFF361GMH.bam	/oak/stanford/groups/engreitz/Users/kmualim/ABC_data/ENCFF328YXI.se.bam
prostate_gland_ENCFF084DLF_ENCFF304BIE	/scratch/groups/engreitz/Users/kmualim/ABC_data/ENCFF084DLF.bam	/oak/stanford/groups/engreitz/Users/kmualim/ABC_data/ENCFF304BIE.se.bam
HCT116_ENCFF799FGK,ENCFF799FGK,ENCFF799FGK,ENCFF799FGK,ENCFF226LGV,ENCFF226LGV,ENCFF226LGV,ENCFF226LGV_ENCFF705UNY,ENCFF585RAU,ENCFF520UFK,ENCFF507VVN,ENCFF705UNY,ENCFF585RAU,ENCFF520UFK,ENCFF507VVN	/oak/stanford/groups/engreitz/Users/kmualim/ABC_data/ENCFF166PCV.se.bam	/scratch/groups/engreitz/Users/kmualim/ABC_data/ENCFF799ZUN.bam,/scratch/groups/engreitz/Users/kmualim/ABC_data/ENCFF977FPK.bam,/oak/stanford/groups/engreitz/Users/kmualim/ABC_data/ENCFF938MXK.se.bam
ENCFF743FZM_Peyers_patch_ENCFF477YUQ_ENCFF561GBK_ENCFF743FZM	/scratch/groups/engreitz/Users/kmualim/ABC_data/ENCFF799FGK.bam,/scratch/groups/engreitz/Users/kmualim/ABC_data/ENCFF226LGV.bam	/oak/stanford/groups/engreitz/Users/kmualim/ABC_data/ENCFF705UNY.se.bam,/oak/stanford/groups/engreitz/Users/kmualim/ABC_data/ENCFF585RAU.se.bam,/oak/stanford/groups/engreitz/Users/kmualim/ABC_data/ENCFF520UFK.se.bam,/oak/stanford/groups/engreitz/Users/kmualim/ABC_data/ENCFF507VVN.se.bam
ovary_ENCFF732RWK_ENCFF732RWK_ENCFF055DES_ENCFF057VPU	/scratch/groups/engreitz/Users/kmualim/ABC_data/ENCFF072TLG.bam,/scratch/groups/engreitz/Users/kmualim/ABC_data/ENCFF868TSB.bam,/scratch/groups/engreitz/Users/kmualim/ABC_data/ENCFF180HNU.bam,/scratch/groups/engreitz/Users/kmualim/ABC_data/ENCFF218QGZ.bam,/oak/stanford/groups/engreitz/Users/kmualim/ABC_data/ENCFF593QEZ.se.bam,/scratch/groups/engreitz/Users/kmualim/ABC_data/ENCFF764XZE.bam,/oak/stanford/groups/engreitz/Users/kmualim/ABC_data/ENCFF026RIM.se.bam,/scratch/groups/engreitz/Users/kmualim/ABC_data/ENCFF332IHS.bam,/scratch/groups/engreitz/Users/kmualim/ABC_data/ENCFF072TVW.bam	/oak/stanford/groups/engreitz/Users/kmualim/ABC_data/ENCFF497BXP.se.bam,/oak/stanford/groups/engreitz/Users/kmualim/ABC_data/ENCFF089HFH.se.bam
tibial_nerve_ENCFF296UEM_ENCFF113TTX_ENCFF041ROD_ENCFF041ROD	/scratch/groups/engreitz/Users/kmualim/ABC_data/ENCFF647TLU.bam,/scratch/groups/engreitz/Users/kmualim/ABC_data/ENCFF234VOE.bam	/oak/stanford/groups/engreitz/Users/kmualim/ABC_data/ENCFF430ORU.se.bam,/oak/stanford/groups/engreitz/Users/kmualim/ABC_data/ENCFF216XWX.se.bam,/oak/stanford/groups/engreitz/Users/kmualim/ABC_data/ENCFF125NBN.se.bam,/oak/stanford/groups/engreitz/Users/kmualim/ABC_data/ENCFF354DHR.se.bam
ENCFF763MLK_aorta_ENCFF268CMB_ENCFF905COX_ENCFF763MLK_ENCFF199QGQ	/scratch/groups/engreitz/Users/kmualim/ABC_data/ENCFF934AZP.bam,/scratch/groups/engreitz/Users/kmualim/ABC_data/ENCFF381CDO.bam	/oak/stanford/groups/engreitz/Users/kmualim/ABC_data/ENCFF233YWT.se.bam,/oak/stanford/groups/engreitz/Users/kmualim/ABC_data/ENCFF862BCJ.se.bam
thoracic_aorta_ENCFF989PWI_ENCFF752UBN_ENCFF608KEW_ENCFF608KEW	/scratch/groups/engreitz/Users/kmualim/ABC_data/ENCFF818DQZ.bam	/oak/stanford/groups/engreitz/Users/kmualim/ABC_data/ENCFF435WUP.se.bam,/oak/stanford/groups/engreitz/Users/kmualim/ABC_data/ENCFF111DOD.se.bam
natural_killer_cell_ENCFF531YYI,ENCFF531YYI,ENCFF531YYI,ENCFF531YYI,ENCFF531YYI,ENCFF531YYI_ENCFF340LGW,ENCFF773HIA,ENCFF789FIZ,ENCFF409VDP,ENCFF833FDB,ENCFF841NXH	/oak/stanford/groups/engreitz/Users/kmualim/ABC_data/ENCFF989PWI.se.bam,/scratch/groups/engreitz/Users/kmualim/ABC_data/ENCFF752UBN.bam	/oak/stanford/groups/engreitz/Users/kmualim/ABC_data/ENCFF608KEW.se.bam
ENCFF765CIP_ENCFF472CKP_mammary_epithelial_cell_ENCFF578GYU_ENCFF754HWY_ENCFF630XZP_ENCFF377FXH_ENCFF630XZP	/oak/stanford/groups/engreitz/Users/kmualim/ABC_data/ENCFF296UEM.se.bam,/scratch/groups/engreitz/Users/kmualim/ABC_data/ENCFF113TTX.bam	/oak/stanford/groups/engreitz/Users/kmualim/ABC_data/ENCFF041ROD.se.bam
ENCFF973YUI_coronary_artery_ENCFF134TIX_ENCFF378TLV_ENCFF973YUI	/scratch/groups/engreitz/Users/kmualim/ABC_data/ENCFF732RWK.bam	/oak/stanford/groups/engreitz/Users/kmualim/ABC_data/ENCFF055DES.se.bam,/oak/stanford/groups/engreitz/Users/kmualim/ABC_data/ENCFF057VPU.se.bam
uterus_ENCFF647TLU,ENCFF647TLU,ENCFF647TLU,ENCFF647TLU,ENCFF234VOE,ENCFF234VOE,ENCFF234VOE,ENCFF234VOE_ENCFF430ORU,ENCFF216XWX,ENCFF125NBN,ENCFF354DHR,ENCFF430ORU,ENCFF216XWX,ENCFF125NBN,ENCFF354DHR	/scratch/groups/engreitz/Users/kmualim/ABC_data/ENCFF130PVC.bam,/scratch/groups/engreitz/Users/kmualim/ABC_data/ENCFF914KBU.bam	/oak/stanford/groups/engreitz/Users/kmualim/ABC_data/ENCFF103IKL.se.bam,/oak/stanford/groups/engreitz/Users/kmualim/ABC_data/ENCFF287FSH.se.bam
sigmoid_colon_ENCFF139OOY_ENCFF235GOT_ENCFF102QDE_ENCFF102QDE	/scratch/groups/engreitz/Users/kmualim/ABC_data/ENCFF531YYI.bam	/oak/stanford/groups/engreitz/Users/kmualim/ABC_data/ENCFF340LGW.se.bam,/oak/stanford/groups/engreitz/Users/kmualim/ABC_data/ENCFF773HIA.se.bam,/oak/stanford/groups/engreitz/Users/kmualim/ABC_data/ENCFF789FIZ.se.bam,/oak/stanford/groups/engreitz/Users/kmualim/ABC_data/ENCFF409VDP.se.bam,/oak/stanford/groups/engreitz/Users/kmualim/ABC_data/ENCFF833FDB.se.bam,/oak/stanford/groups/engreitz/Users/kmualim/ABC_data/ENCFF841NXH.se.bam
prostate_gland_ENCFF130PVC_ENCFF130PVC_ENCFF914KBU_ENCFF103IKL_ENCFF287FSH_ENCFF914KBU_ENCFF103IKL	/scratch/groups/engreitz/Users/kmualim/ABC_data/ENCFF084DLF.bam	/oak/stanford/groups/engreitz/Users/kmualim/ABC_data/ENCFF749UHJ.se.bam,/oak/stanford/groups/engreitz/Users/kmualim/ABC_data/ENCFF304BIE.se.bam
